ts,r,side,session,sym
2026-03-06 09:30:00+00:00,0.12300123001229846,long,2026-03-06,MU
2026-03-06 14:00:00+00:00,1.0942629357511224,long,2026-03-06,MU
2026-03-09 09:30:00+00:00,2.9068838843635203,short,2026-03-09,MU
2026-03-10 13:30:00+00:00,-1.6633858267716572,short,2026-03-10,MU
2026-03-11 09:45:00+00:00,1.4925000000000077,long,2026-03-11,MU
2026-03-11 14:00:00+00:00,0.2179118773946387,short,2026-03-11,MU
2026-03-11 14:45:00+00:00,0.34377296759051656,short,2026-03-11,MU
2026-03-12 13:30:00+00:00,-0.7180492586692844,long,2026-03-12,MU
2026-03-12 14:15:00+00:00,0.6984663567895399,long,2026-03-12,MU
2026-03-13 08:00:00+00:00,1.9699015049247537,long,2026-03-13,MU
2026-03-13 13:30:00+00:00,1.043930089749634,short,2026-03-13,MU
2026-03-16 13:30:00+00:00,0.5582260815630291,short,2026-03-16,MU
2026-03-19 11:00:00+00:00,0.07167630057802743,long,2026-03-19,MU
2026-03-19 13:15:00+00:00,4.111393357794713,long,2026-03-19,MU
2026-03-20 10:00:00+00:00,1.6116812452648288,long,2026-03-20,MU
2026-03-20 14:15:00+00:00,-0.03252561392096398,long,2026-03-20,MU
2026-03-20 14:45:00+00:00,0.6399437412095477,long,2026-03-20,MU
2026-03-23 11:00:00+00:00,1.536412282111932,short,2026-03-23,MU
2026-03-24 13:30:00+00:00,0.7476397040061311,long,2026-03-24,MU
2026-03-25 10:30:00+00:00,-1.353060192210409,long,2026-03-25,MU
2026-03-25 12:15:00+00:00,-1.7692307692307674,long,2026-03-25,MU
2026-03-25 15:00:00+00:00,0.4662992793556642,long,2026-03-25,MU
2026-03-26 08:00:00+00:00,0.20397208803004663,long,2026-03-26,MU
2026-03-26 09:15:00+00:00,0.39750752041254334,long,2026-03-26,MU
2026-03-26 12:30:00+00:00,-1.3450134770889521,long,2026-03-26,MU
2026-03-26 13:15:00+00:00,-0.9752275981305902,long,2026-03-26,MU
2026-03-26 15:30:00+00:00,-1.681752303863926,long,2026-03-26,MU
2026-03-30 08:30:00+00:00,0.5757575757575739,short,2026-03-30,MU
2026-03-30 11:15:00+00:00,0.3175906913073345,short,2026-03-30,MU
2026-03-30 12:00:00+00:00,4.807902802101571,short,2026-03-30,MU
2026-03-30 13:30:00+00:00,-1.9620836694710153,long,2026-03-30,MU
2026-03-30 14:15:00+00:00,-2.807756427129948,long,2026-03-30,MU
2026-04-01 13:45:00+00:00,-5.645478558983852,short,2026-04-01,MU
2026-04-02 13:15:00+00:00,6.377200922708548,long,2026-04-02,MU
2026-04-02 14:30:00+00:00,0.3628566716147086,short,2026-04-02,MU
2026-04-06 08:30:00+00:00,1.0924106209492024,short,2026-04-06,MU
2026-04-07 12:00:00+00:00,-0.6725367329299958,long,2026-04-07,MU
2026-04-09 10:15:00+00:00,-0.3942343230257439,short,2026-04-09,MU
2026-04-09 13:30:00+00:00,1.728627224070578,short,2026-04-09,MU
2026-04-13 15:00:00+00:00,0.9672193634457815,short,2026-04-13,MU
2026-04-14 08:30:00+00:00,1.8499182858180419,short,2026-04-14,MU
2026-04-15 10:15:00+00:00,0.384190770589532,long,2026-04-15,MU
2026-04-15 14:00:00+00:00,-0.10262130507528999,long,2026-04-15,MU
2026-04-15 15:30:00+00:00,-0.8404669260700381,long,2026-04-15,MU
2026-04-16 10:30:00+00:00,1.2558727864112607,long,2026-04-16,MU
2026-04-17 12:00:00+00:00,0.6909059504275117,short,2026-04-17,MU
2026-04-17 12:45:00+00:00,2.417573079537738,short,2026-04-17,MU
2026-04-20 11:00:00+00:00,-0.5952380952380931,short,2026-04-20,MU
2026-04-20 12:30:00+00:00,1.7306723333406437,short,2026-04-20,MU
2026-04-20 13:15:00+00:00,3.2722199210830305,short,2026-04-20,MU
2026-04-20 14:45:00+00:00,0.844101473217318,long,2026-04-20,MU
2026-04-21 10:00:00+00:00,0.3232971914930993,short,2026-04-21,MU
2026-04-21 14:15:00+00:00,0.12508934953538997,long,2026-04-21,MU
2026-04-21 15:15:00+00:00,1.2256116793583516,long,2026-04-21,MU
2026-04-22 13:00:00+00:00,-3.2394304872207957,short,2026-04-22,MU
2026-04-22 14:00:00+00:00,-3.3661315380631773,short,2026-04-22,MU
2026-04-23 14:00:00+00:00,3.1314092398773585,long,2026-04-23,MU
2026-04-23 15:30:00+00:00,2.320389940198242,short,2026-04-23,MU
2026-04-24 11:15:00+00:00,-0.10873067010310766,short,2026-04-24,MU
2026-04-24 12:00:00+00:00,-0.3983824471492703,short,2026-04-24,MU
2026-04-24 13:30:00+00:00,-0.17599999999999838,short,2026-04-24,MU
2026-04-24 14:00:00+00:00,0.6998863432434055,short,2026-04-24,MU
2026-04-27 11:00:00+00:00,0.10488899248296546,short,2026-04-27,MU
2026-04-27 13:30:00+00:00,-0.8214530761607275,short,2026-04-27,MU
2026-04-27 15:30:00+00:00,1.1796064197810985,short,2026-04-27,MU
2026-04-28 08:15:00+00:00,-0.5585725368502659,long,2026-04-28,MU
2026-04-28 09:00:00+00:00,-0.9634622482080579,long,2026-04-28,MU
2026-04-28 10:15:00+00:00,-1.7709471056327142,long,2026-04-28,MU
2026-04-28 11:00:00+00:00,-1.1473962930273696,long,2026-04-28,MU
2026-04-28 13:00:00+00:00,-1.28571428571429,long,2026-04-28,MU
2026-04-28 14:15:00+00:00,-1.5905837442341308,long,2026-04-28,MU
2026-04-29 08:45:00+00:00,-0.24255156608097295,short,2026-04-29,MU
2026-04-29 10:15:00+00:00,-0.3441980755334084,short,2026-04-29,MU
2026-04-29 11:00:00+00:00,0.34686875541982687,short,2026-04-29,MU
2026-04-30 14:15:00+00:00,0.5394272263632649,long,2026-04-30,MU
2026-05-01 13:30:00+00:00,-0.2848196770786071,short,2026-05-01,MU
2026-05-04 13:30:00+00:00,-0.7288453917328575,short,2026-05-04,MU
2026-05-05 10:30:00+00:00,-0.9005559809568187,short,2026-05-05,MU
2026-05-05 12:30:00+00:00,-4.884929472902755,short,2026-05-05,MU
2026-05-05 13:00:00+00:00,-5.156455862977594,short,2026-05-05,MU
2026-05-06 12:30:00+00:00,-2.397157140275852,long,2026-05-06,MU
2026-05-06 13:45:00+00:00,1.5976604586732224,long,2026-05-06,MU
2026-05-08 08:45:00+00:00,0.45363054645957135,short,2026-05-08,MU
2026-05-08 12:30:00+00:00,-5.39398088887566,short,2026-05-08,MU
2026-05-08 15:45:00+00:00,-1.2032178115004788,short,2026-05-08,MU
2026-05-11 08:15:00+00:00,2.3091297383876164,long,2026-05-11,MU
2026-05-12 14:15:00+00:00,-4.3663939333466235,long,2026-05-12,MU
2026-05-14 08:30:00+00:00,0.7708014293006604,long,2026-05-14,MU
2026-05-14 09:15:00+00:00,1.499540956849943,long,2026-05-14,MU
2026-05-15 13:45:00+00:00,1.0440739517992625,long,2026-05-15,MU
2026-05-18 12:45:00+00:00,7.212118800323664,short,2026-05-18,MU
2026-05-18 14:15:00+00:00,-3.7033389146065243,long,2026-05-18,MU
2026-05-19 15:30:00+00:00,-3.613021813116579,short,2026-05-19,MU
2026-05-20 08:15:00+00:00,-0.2593031916360955,short,2026-05-20,MU
2026-05-20 09:45:00+00:00,0.8110667380295533,short,2026-05-20,MU
2026-05-20 13:15:00+00:00,2.046091475525802,short,2026-05-20,MU
2026-05-21 13:45:00+00:00,2.1473484399098353,short,2026-05-21,MU
2026-05-22 09:00:00+00:00,0.05043198980743124,long,2026-05-22,MU
2026-05-25 08:30:00+00:00,-0.2292328930204146,short,2026-05-25,MU
2026-05-25 11:00:00+00:00,0.16616523370132086,short,2026-05-25,MU
2026-05-25 12:15:00+00:00,-0.25145213608590566,short,2026-05-25,MU
2026-05-25 14:15:00+00:00,0.6822343173894407,short,2026-05-25,MU
2026-05-25 14:45:00+00:00,0.5274235173260533,short,2026-05-25,MU
2026-05-26 10:00:00+00:00,-0.692474032223811,short,2026-05-26,MU
2026-05-26 12:30:00+00:00,-8.477636135877976,short,2026-05-26,MU
2026-05-27 11:00:00+00:00,0.6462553380690905,short,2026-05-27,MU
2026-05-27 11:30:00+00:00,5.32653816119354,short,2026-05-27,MU
2026-05-27 14:15:00+00:00,2.2206359651568697,long,2026-05-27,MU
2026-05-28 13:15:00+00:00,-1.2886266094420673,short,2026-05-28,MU
2026-05-28 14:00:00+00:00,-0.9642168416541752,short,2026-05-28,MU
2026-05-28 14:30:00+00:00,-0.44990906093447247,short,2026-05-28,MU
2026-05-28 15:00:00+00:00,-0.43658404772752846,short,2026-05-28,MU
2026-05-29 08:00:00+00:00,-0.6998903786153976,short,2026-05-29,MU
2026-05-29 13:45:00+00:00,1.810537944579127,short,2026-05-29,MU
2026-06-01 10:00:00+00:00,1.7052124911951072,short,2026-06-01,MU
2026-06-02 11:15:00+00:00,-0.18562589243218408,short,2026-06-02,MU
2026-06-02 13:15:00+00:00,1.0214261960188153,short,2026-06-02,MU
2026-06-02 13:45:00+00:00,0.951334141904181,short,2026-06-02,MU
2026-06-03 08:00:00+00:00,-1.4223358018243148,short,2026-06-03,MU
2026-06-03 13:30:00+00:00,0.7072941489210338,long,2026-06-03,MU
2026-06-04 08:15:00+00:00,-2.7098733982523715,long,2026-06-04,MU
2026-06-04 08:45:00+00:00,-2.6040711534934813,long,2026-06-04,MU
2026-06-04 10:00:00+00:00,-1.1808926246004492,long,2026-06-04,MU
2026-06-04 10:30:00+00:00,1.1341797361214878,long,2026-06-04,MU
2026-06-05 13:45:00+00:00,1.5271419228253702,long,2026-06-05,MU
2026-06-08 14:45:00+00:00,-0.43818532289834344,short,2026-06-08,MU
2026-06-08 15:30:00+00:00,1.2326126595467612,short,2026-06-08,MU
2026-06-09 14:30:00+00:00,-7.249976018162241,long,2026-06-09,MU
2026-06-09 15:15:00+00:00,-1.0032120385444654,long,2026-06-09,MU
2026-06-10 12:30:00+00:00,-2.0023019957869037,short,2026-06-10,MU
2026-06-10 13:30:00+00:00,1.334531128236205,short,2026-06-10,MU
2026-06-10 14:00:00+00:00,2.5631328139351317,short,2026-06-10,MU
2026-06-11 08:00:00+00:00,1.0273972602739767,short,2026-06-11,MU
2026-06-15 08:00:00+00:00,-0.43403271355735296,short,2026-06-15,MU
2026-06-15 15:00:00+00:00,0.3917335839435765,short,2026-06-15,MU
2026-06-16 08:15:00+00:00,-0.5548369831854139,short,2026-06-16,MU
2026-06-17 13:45:00+00:00,3.499687353446923,long,2026-06-17,MU
2026-06-18 08:00:00+00:00,-0.13180416098415026,short,2026-06-18,MU
2026-06-18 09:15:00+00:00,0.027479825228304833,short,2026-06-18,MU
2026-06-18 09:45:00+00:00,0.10137912138096228,short,2026-06-18,MU
2026-06-18 11:45:00+00:00,-1.2424688468536171,short,2026-06-18,MU
2026-06-18 12:15:00+00:00,-1.984184959275348,short,2026-06-18,MU
2026-06-22 10:30:00+00:00,-0.5155819376722492,short,2026-06-22,MU
2026-06-23 08:00:00+00:00,-0.022530438622581084,long,2026-06-23,MU
2026-06-24 13:30:00+00:00,0.0,long,2026-06-24,MU
2026-06-25 13:45:00+00:00,4.698292087225231,long,2026-06-25,MU
2026-06-26 13:00:00+00:00,2.137054044507214,long,2026-06-26,MU
2026-06-26 14:00:00+00:00,1.7347350036945097,short,2026-06-26,MU
2026-06-29 13:30:00+00:00,-0.45529197080291794,long,2026-06-29,MU
2026-07-01 09:00:00+00:00,1.256002293413605,long,2026-07-01,MU
2026-07-01 12:30:00+00:00,-4.203701861781484,long,2026-07-01,MU
2026-07-02 12:00:00+00:00,0.037123411546324814,short,2026-07-02,MU
2026-07-03 10:45:00+00:00,0.33095550055805,short,2026-07-03,MU
2026-07-07 13:45:00+00:00,-0.18036028596883913,long,2026-07-07,MU
2026-07-08 09:00:00+00:00,1.9998635681477195,long,2026-07-08,MU
2026-07-08 13:30:00+00:00,2.3960446247464406,short,2026-07-08,MU
2026-07-09 12:00:00+00:00,-1.3804807367856942,short,2026-07-09,MU
2026-07-09 12:30:00+00:00,-0.9188406946316618,short,2026-07-09,MU
2026-07-14 08:15:00+00:00,0.5476046150843072,short,2026-07-14,MU
2026-07-14 12:30:00+00:00,2.1482494806708274,short,2026-07-14,MU
2026-07-15 13:30:00+00:00,-5.531056679485047,long,2026-07-15,MU
2026-07-16 08:00:00+00:00,0.8067099963383395,long,2026-07-16,MU
2026-07-16 11:00:00+00:00,-0.20876104357453462,long,2026-07-16,MU
2026-07-16 12:30:00+00:00,1.075067776011962,long,2026-07-16,MU
2026-07-17 10:00:00+00:00,2.7751778360164736,short,2026-07-17,MU
2026-07-17 14:00:00+00:00,-2.4808080808080835,short,2026-07-17,MU
2026-07-17 15:45:00+00:00,-0.006784644088875247,short,2026-07-17,MU
2026-07-20 09:30:00+00:00,-1.3298687151788835,short,2026-07-20,MU
2026-07-20 10:30:00+00:00,0.4246069288642573,short,2026-07-20,MU
2026-07-20 11:00:00+00:00,1.0862368849239745,short,2026-07-20,MU
2026-07-20 11:30:00+00:00,-0.42440734146313996,short,2026-07-20,MU
2026-07-21 08:00:00+00:00,0.25650501054278463,short,2026-07-21,MU
2026-07-21 10:15:00+00:00,0.73770758181404,short,2026-07-21,MU
2026-07-21 13:30:00+00:00,-1.5206851626407003,short,2026-07-21,MU
2026-07-21 14:30:00+00:00,-3.842092351014914,short,2026-07-21,MU
2026-07-22 11:30:00+00:00,3.351074103483054,long,2026-07-22,MU
2026-07-22 12:45:00+00:00,4.114699810768974,long,2026-07-22,MU
2026-07-22 13:45:00+00:00,-0.12128936765067877,short,2026-07-22,MU
2026-07-23 09:15:00+00:00,1.804048550425863,short,2026-07-23,MU
2026-07-24 13:30:00+00:00,-1.3139484730214535,long,2026-07-24,MU
2026-07-27 13:45:00+00:00,-3.532889387046434,long,2026-07-27,MU
2026-07-28 08:00:00+00:00,0.3781162296410123,long,2026-07-28,MU
2026-07-28 11:00:00+00:00,1.4279553404571432,long,2026-07-28,MU
2026-07-28 13:30:00+00:00,0.9558266311389341,long,2026-07-28,MU
2026-07-30 10:30:00+00:00,-4.5789010637447,short,2026-07-30,MU
2026-07-30 11:00:00+00:00,-3.8676811114786602,short,2026-07-30,MU
2026-07-30 12:00:00+00:00,-7.741935483870965,short,2026-07-30,MU
2026-07-30 12:30:00+00:00,-8.614074668910042,short,2026-07-30,MU
2026-07-30 13:30:00+00:00,-4.260023584905648,short,2026-07-30,MU
2026-07-31 13:30:00+00:00,-6.664329892244536,long,2026-07-31,MU
2026-07-31 15:00:00+00:00,0.24635818337617188,long,2026-07-31,MU
2026-08-03 12:45:00+00:00,5.117506056032561,long,2026-08-03,MU
2026-08-03 13:15:00+00:00,2.310348329440437,long,2026-08-03,MU
2026-08-04 08:00:00+00:00,0.33310507317866334,short,2026-08-04,MU
2026-08-04 13:00:00+00:00,-2.344152793849763,short,2026-08-04,MU
2026-08-04 13:30:00+00:00,-1.826225045372043,short,2026-08-04,MU
2026-08-05 13:45:00+00:00,0.4732273014077193,short,2026-08-05,MU
2026-08-06 10:30:00+00:00,-0.13102939972156058,long,2026-08-06,MU
2026-08-06 12:00:00+00:00,5.81911303075362,long,2026-08-06,MU
2026-08-06 13:00:00+00:00,7.664030826330048,long,2026-08-06,MU
2026-08-06 14:00:00+00:00,0.15389934090935808,short,2026-08-06,MU
2026-08-06 15:00:00+00:00,2.034318838033966,short,2026-08-06,MU
2026-03-05 09:00:00+00:00,0.2019650655021743,short,2026-03-05,NVDA
2026-03-06 09:30:00+00:00,-0.5335240085803883,long,2026-03-06,NVDA
2026-03-06 11:30:00+00:00,-0.38155275381552833,long,2026-03-06,NVDA
2026-03-06 13:30:00+00:00,0.9880655009714134,long,2026-03-06,NVDA
2026-03-09 14:15:00+00:00,-1.2850729517396298,short,2026-03-09,NVDA
2026-03-10 08:00:00+00:00,0.21826912583213787,short,2026-03-10,NVDA
2026-03-10 14:30:00+00:00,-0.5139302136867752,short,2026-03-10,NVDA
2026-03-11 13:45:00+00:00,0.701059616825428,short,2026-03-11,NVDA
2026-03-12 13:45:00+00:00,1.1801514985179562,long,2026-03-12,NVDA
2026-03-12 14:15:00+00:00,1.2252074061864793,long,2026-03-12,NVDA
2026-03-16 12:00:00+00:00,-0.5943941542152942,short,2026-03-16,NVDA
2026-03-16 12:30:00+00:00,-0.06533812479581069,short,2026-03-16,NVDA
2026-03-16 13:30:00+00:00,-0.14634939563118454,short,2026-03-16,NVDA
2026-03-16 15:00:00+00:00,-0.10278604273734615,short,2026-03-16,NVDA
2026-03-17 09:15:00+00:00,0.11417387049421635,short,2026-03-17,NVDA
2026-03-17 09:45:00+00:00,0.34240991358225337,short,2026-03-17,NVDA
2026-03-17 12:30:00+00:00,0.5696923661222986,short,2026-03-17,NVDA
2026-03-18 10:00:00+00:00,0.6631155560386959,short,2026-03-18,NVDA
2026-03-18 12:30:00+00:00,0.19793270288102072,long,2026-03-18,NVDA
2026-03-19 11:30:00+00:00,-1.5187046342825195,long,2026-03-19,NVDA
2026-03-19 12:45:00+00:00,-0.15674858646363976,long,2026-03-19,NVDA
2026-03-19 14:15:00+00:00,0.6978445607518813,long,2026-03-19,NVDA
2026-03-20 09:45:00+00:00,-0.12924252641044465,long,2026-03-20,NVDA
2026-03-20 13:45:00+00:00,-0.022720817949462013,long,2026-03-20,NVDA
2026-03-20 15:15:00+00:00,-0.3412192902638722,long,2026-03-20,NVDA
2026-03-23 11:00:00+00:00,0.29252925292527765,short,2026-03-23,NVDA
2026-03-25 13:30:00+00:00,-0.16735468035256051,short,2026-03-25,NVDA
2026-03-25 14:00:00+00:00,0.11153245594467398,short,2026-03-25,NVDA
2026-03-26 08:00:00+00:00,-0.12423061720029382,long,2026-03-26,NVDA
2026-03-26 09:15:00+00:00,-0.13574660633485225,long,2026-03-26,NVDA
2026-03-26 11:45:00+00:00,-0.3516732841747028,long,2026-03-26,NVDA
2026-03-26 13:15:00+00:00,-1.1465546600068155,long,2026-03-26,NVDA
2026-03-27 13:15:00+00:00,-0.21754468485418732,long,2026-03-27,NVDA
2026-03-27 13:45:00+00:00,0.7059381859168212,long,2026-03-27,NVDA
2026-03-30 11:15:00+00:00,0.26534583407041845,short,2026-03-30,NVDA
2026-03-30 13:45:00+00:00,0.6305170239596647,long,2026-03-30,NVDA
2026-03-31 11:15:00+00:00,-0.023920583662229156,short,2026-03-31,NVDA
2026-03-31 13:30:00+00:00,-1.0091416359966798,short,2026-03-31,NVDA
2026-04-02 13:45:00+00:00,-1.4017349342218655,short,2026-04-02,NVDA
2026-04-02 14:30:00+00:00,-0.07936058046595917,short,2026-04-02,NVDA
2026-04-03 12:45:00+00:00,0.005685048322900954,long,2026-04-03,NVDA
2026-04-06 08:15:00+00:00,0.2181086069011906,short,2026-04-06,NVDA
2026-04-06 09:15:00+00:00,0.5808757819481647,short,2026-04-06,NVDA
2026-04-07 12:00:00+00:00,-0.04571428571429337,long,2026-04-07,NVDA
2026-04-08 13:30:00+00:00,-0.7804824800785926,long,2026-04-08,NVDA
2026-04-09 11:45:00+00:00,-0.005510249063278572,short,2026-04-09,NVDA
2026-04-09 13:15:00+00:00,-0.60479436991423,short,2026-04-09,NVDA
2026-04-09 14:00:00+00:00,-0.8244023083264551,short,2026-04-09,NVDA
2026-04-09 14:45:00+00:00,-0.5258833196384538,short,2026-04-09,NVDA
2026-04-10 08:45:00+00:00,0.29551797734364005,long,2026-04-10,NVDA
2026-04-10 09:30:00+00:00,0.4377085955025395,long,2026-04-10,NVDA
2026-04-10 13:00:00+00:00,-2.423420981295754,short,2026-04-10,NVDA
2026-04-13 09:15:00+00:00,0.1767920282867208,short,2026-04-13,NVDA
2026-04-13 10:45:00+00:00,0.32150894866573854,short,2026-04-13,NVDA
2026-04-13 13:45:00+00:00,-0.1755505904883492,short,2026-04-13,NVDA
2026-04-14 11:00:00+00:00,0.015739769150058258,short,2026-04-14,NVDA
2026-04-14 13:15:00+00:00,-1.3407353095213237,short,2026-04-14,NVDA
2026-04-15 11:00:00+00:00,0.4982713036404407,short,2026-04-15,NVDA
2026-04-15 13:30:00+00:00,-1.4511137043989875,short,2026-04-15,NVDA
2026-04-16 10:30:00+00:00,0.1366051100429866,long,2026-04-16,NVDA
2026-04-17 08:45:00+00:00,0.04526252263126196,short,2026-04-17,NVDA
2026-04-17 12:15:00+00:00,-0.4811547714514752,short,2026-04-17,NVDA
2026-04-17 12:45:00+00:00,0.14442950346131855,short,2026-04-17,NVDA
2026-04-17 13:30:00+00:00,-0.16944084521079983,short,2026-04-17,NVDA
2026-04-20 12:45:00+00:00,0.8680902015565817,short,2026-04-20,NVDA
2026-04-21 11:00:00+00:00,0.1823917972986311,short,2026-04-21,NVDA
2026-04-21 13:30:00+00:00,-0.00992950054611308,long,2026-04-21,NVDA
2026-04-22 13:30:00+00:00,0.34395094960371075,long,2026-04-22,NVDA
2026-04-23 12:00:00+00:00,0.20215965682165438,short,2026-04-23,NVDA
2026-04-23 13:45:00+00:00,0.7822493358260352,short,2026-04-23,NVDA
2026-04-24 11:00:00+00:00,0.12946272967186978,short,2026-04-24,NVDA
2026-04-24 13:30:00+00:00,-3.828628033680026,short,2026-04-24,NVDA
2026-04-27 11:00:00+00:00,0.7923407065038024,short,2026-04-27,NVDA
2026-04-28 09:15:00+00:00,-1.1754827875734564,long,2026-04-28,NVDA
2026-04-28 11:00:00+00:00,-1.2642165617069212,long,2026-04-28,NVDA
2026-04-29 13:30:00+00:00,-0.061483163072262315,long,2026-04-29,NVDA
2026-04-29 15:00:00+00:00,-0.3939250118652038,long,2026-04-29,NVDA
2026-04-30 13:45:00+00:00,-1.5952241143080914,long,2026-04-30,NVDA
2026-05-01 13:30:00+00:00,1.2452438602559734,short,2026-05-01,NVDA
2026-05-04 10:00:00+00:00,0.7332861333063656,long,2026-05-04,NVDA
2026-05-04 15:15:00+00:00,0.8111003417844209,long,2026-05-04,NVDA
2026-05-04 15:45:00+00:00,1.4149979566816517,long,2026-05-04,NVDA
2026-05-05 10:00:00+00:00,0.025087807325641087,short,2026-05-05,NVDA
2026-05-05 13:00:00+00:00,1.1042270410712374,short,2026-05-05,NVDA
2026-05-05 14:00:00+00:00,-0.020187746038147214,long,2026-05-05,NVDA
2026-05-05 14:30:00+00:00,0.35493357671634307,long,2026-05-05,NVDA
2026-05-06 08:00:00+00:00,-1.2160518848804092,short,2026-05-06,NVDA
2026-05-06 10:15:00+00:00,0.3871736324828734,short,2026-05-06,NVDA
2026-05-06 13:45:00+00:00,-0.26395542086226076,short,2026-05-06,NVDA
2026-05-06 15:15:00+00:00,0.5234333349488751,short,2026-05-06,NVDA
2026-05-07 08:30:00+00:00,0.10503198701422578,short,2026-05-07,NVDA
2026-05-07 14:00:00+00:00,0.5871576870684403,short,2026-05-07,NVDA
2026-05-07 15:30:00+00:00,0.44513166526097825,short,2026-05-07,NVDA
2026-05-08 13:30:00+00:00,0.12452725763305583,short,2026-05-08,NVDA
2026-05-08 15:00:00+00:00,0.4430087678818584,short,2026-05-08,NVDA
2026-05-11 09:15:00+00:00,0.36009914417993727,long,2026-05-11,NVDA
2026-05-11 13:30:00+00:00,-1.0410008218427524,short,2026-05-11,NVDA
2026-05-11 14:30:00+00:00,-0.7289625951068412,short,2026-05-11,NVDA
2026-05-12 08:00:00+00:00,0.635183650925164,long,2026-05-12,NVDA
2026-05-12 13:30:00+00:00,2.8853454821564095,short,2026-05-12,NVDA
2026-05-13 08:15:00+00:00,-0.11480549300126874,short,2026-05-13,NVDA
2026-05-13 09:15:00+00:00,0.25168896542587804,short,2026-05-13,NVDA
2026-05-14 14:30:00+00:00,0.2589353934969063,short,2026-05-14,NVDA
2026-05-14 15:15:00+00:00,0.40005107034940535,short,2026-05-14,NVDA
2026-05-15 09:00:00+00:00,1.0676776920730324,long,2026-05-15,NVDA
2026-05-15 09:30:00+00:00,0.6411374738311215,long,2026-05-15,NVDA
2026-05-15 13:30:00+00:00,0.8476072752957808,long,2026-05-15,NVDA
2026-05-15 14:15:00+00:00,0.6915385631854898,long,2026-05-15,NVDA
2026-05-15 14:45:00+00:00,0.8089828035895863,long,2026-05-15,NVDA
2026-05-18 08:45:00+00:00,1.118881118881121,short,2026-05-18,NVDA
2026-05-18 12:30:00+00:00,3.389535894316009,short,2026-05-18,NVDA
2026-05-19 14:00:00+00:00,0.808477595578494,long,2026-05-19,NVDA
2026-05-20 08:00:00+00:00,-0.4193433261955759,short,2026-05-20,NVDA
2026-05-20 09:30:00+00:00,0.4798080767692947,short,2026-05-20,NVDA
2026-05-20 10:30:00+00:00,0.4834989354151942,short,2026-05-20,NVDA
2026-05-21 08:00:00+00:00,-0.16465666859508676,short,2026-05-21,NVDA
2026-05-21 10:00:00+00:00,0.8930158165985524,short,2026-05-21,NVDA
2026-05-21 14:15:00+00:00,0.2234076505721827,long,2026-05-21,NVDA
2026-05-22 08:00:00+00:00,0.4338394793926281,short,2026-05-22,NVDA
2026-05-22 13:45:00+00:00,-0.2885540237255624,long,2026-05-22,NVDA
2026-05-25 11:15:00+00:00,0.07210780116273519,short,2026-05-25,NVDA
2026-05-25 13:00:00+00:00,0.058619290255679246,short,2026-05-25,NVDA
2026-05-26 13:45:00+00:00,-1.0746711135816156,long,2026-05-26,NVDA
2026-05-26 15:00:00+00:00,-0.3024803387779662,long,2026-05-26,NVDA
2026-05-27 08:15:00+00:00,-0.7305383648969377,short,2026-05-27,NVDA
2026-05-27 09:30:00+00:00,-0.4082958288869287,short,2026-05-27,NVDA
2026-05-27 11:00:00+00:00,0.6180811808118136,short,2026-05-27,NVDA
2026-05-27 13:30:00+00:00,-0.591296121097451,long,2026-05-27,NVDA
2026-05-28 13:30:00+00:00,0.06087567314447817,short,2026-05-28,NVDA
2026-05-29 13:30:00+00:00,0.5723253023170005,short,2026-05-29,NVDA
2026-05-29 15:00:00+00:00,0.06903534609720152,short,2026-05-29,NVDA
2026-06-01 13:30:00+00:00,-0.4556846662109759,short,2026-06-01,NVDA
2026-06-02 13:45:00+00:00,2.660170733810463,short,2026-06-02,NVDA
2026-06-03 13:30:00+00:00,-0.49926713081714924,long,2026-06-03,NVDA
2026-06-04 09:00:00+00:00,0.2261057986716386,long,2026-06-04,NVDA
2026-06-05 13:30:00+00:00,-2.4210920670600267,long,2026-06-05,NVDA
2026-06-09 14:00:00+00:00,-2.419121197489127,long,2026-06-09,NVDA
2026-06-09 15:15:00+00:00,0.2897838899803551,long,2026-06-09,NVDA
2026-06-10 08:30:00+00:00,-0.09766578767457235,long,2026-06-10,NVDA
2026-06-10 09:45:00+00:00,-0.3573526532210658,long,2026-06-10,NVDA
2026-06-10 11:00:00+00:00,0.7063324667680337,long,2026-06-10,NVDA
2026-06-11 08:00:00+00:00,0.32394227937567743,short,2026-06-11,NVDA
2026-06-11 08:30:00+00:00,0.40247374104251943,short,2026-06-11,NVDA
2026-06-11 09:15:00+00:00,0.46701405958116116,short,2026-06-11,NVDA
2026-06-11 14:45:00+00:00,0.07478685745625491,long,2026-06-11,NVDA
2026-06-16 11:00:00+00:00,0.5180615080299655,short,2026-06-16,NVDA
2026-06-16 13:30:00+00:00,-0.25263358596692154,long,2026-06-16,NVDA
2026-06-16 14:15:00+00:00,0.17204301075268713,long,2026-06-16,NVDA
2026-06-17 13:45:00+00:00,-0.38077794379910435,long,2026-06-17,NVDA
2026-06-17 14:45:00+00:00,0.31443498452012886,long,2026-06-17,NVDA
2026-06-18 12:30:00+00:00,-0.5719503989233932,short,2026-06-18,NVDA
2026-06-18 14:00:00+00:00,-0.33042811991188525,short,2026-06-18,NVDA
2026-06-18 15:45:00+00:00,-0.44922341696536083,short,2026-06-18,NVDA
2026-06-22 12:30:00+00:00,0.6067500948046978,short,2026-06-22,NVDA
2026-06-23 09:45:00+00:00,0.7301790912230377,long,2026-06-23,NVDA
2026-06-24 13:00:00+00:00,0.76068461615455,long,2026-06-24,NVDA
2026-06-24 14:00:00+00:00,0.6753038867490346,long,2026-06-24,NVDA
2026-06-25 08:00:00+00:00,-0.05938830050480348,short,2026-06-25,NVDA
2026-06-25 13:30:00+00:00,-0.17301918477431455,long,2026-06-25,NVDA
2026-06-26 15:30:00+00:00,0.13807916538814968,short,2026-06-26,NVDA
2026-06-29 14:00:00+00:00,1.4270032930845167,long,2026-06-29,NVDA
2026-06-30 11:00:00+00:00,0.6731450551675344,short,2026-06-30,NVDA
2026-06-30 13:45:00+00:00,-0.14120020171457526,short,2026-06-30,NVDA
2026-06-30 15:00:00+00:00,0.06039559112185344,short,2026-06-30,NVDA
2026-07-01 12:30:00+00:00,-0.7762163259093957,long,2026-07-01,NVDA
2026-07-01 13:30:00+00:00,1.241853543387883,long,2026-07-01,NVDA
2026-07-02 08:00:00+00:00,0.2507548231922563,long,2026-07-02,NVDA
2026-07-03 08:30:00+00:00,-0.08639089338347006,short,2026-07-03,NVDA
2026-07-03 10:00:00+00:00,0.0406070757829502,short,2026-07-03,NVDA
2026-07-06 14:00:00+00:00,-0.2843650027928746,short,2026-07-06,NVDA
2026-07-07 10:45:00+00:00,-0.1762388554841232,long,2026-07-07,NVDA
2026-07-08 08:15:00+00:00,-0.08237232289950436,long,2026-07-08,NVDA
2026-07-08 13:30:00+00:00,0.4231524860208613,short,2026-07-08,NVDA
2026-07-09 13:30:00+00:00,-0.14847809948033142,long,2026-07-09,NVDA
2026-07-10 13:30:00+00:00,-1.6743958994386077,short,2026-07-10,NVDA
2026-07-14 11:30:00+00:00,0.8676263874751511,short,2026-07-14,NVDA
2026-07-14 12:15:00+00:00,0.41610218695569134,short,2026-07-14,NVDA
2026-07-14 15:00:00+00:00,-1.5901993754503962,short,2026-07-14,NVDA
2026-07-15 08:00:00+00:00,0.19907100199072492,long,2026-07-15,NVDA
2026-07-15 14:30:00+00:00,-1.6454251474224857,long,2026-07-15,NVDA
2026-07-15 15:00:00+00:00,-0.611211918632415,long,2026-07-15,NVDA
2026-07-16 08:00:00+00:00,0.29158699808795596,long,2026-07-16,NVDA
2026-07-16 11:30:00+00:00,-0.48332296501889527,long,2026-07-16,NVDA
2026-07-16 13:30:00+00:00,-0.1298326601269495,long,2026-07-16,NVDA
2026-07-16 14:30:00+00:00,-0.3027390677558861,long,2026-07-16,NVDA
2026-07-17 13:30:00+00:00,3.1040564373897794,long,2026-07-17,NVDA
2026-07-20 11:00:00+00:00,0.014607069821792606,short,2026-07-20,NVDA
2026-07-20 11:30:00+00:00,-0.5137650252035719,short,2026-07-20,NVDA
2026-07-20 13:30:00+00:00,0.5545375638923766,short,2026-07-20,NVDA
2026-07-21 08:15:00+00:00,-0.02916869227029828,short,2026-07-21,NVDA
2026-07-21 10:00:00+00:00,-0.21379980563653866,short,2026-07-21,NVDA
2026-07-21 11:45:00+00:00,0.2279893281591061,short,2026-07-21,NVDA
2026-07-21 12:45:00+00:00,0.1599612215220647,short,2026-07-21,NVDA
2026-07-21 13:15:00+00:00,0.452750216742126,short,2026-07-21,NVDA
2026-07-22 08:00:00+00:00,0.19017896328084039,long,2026-07-22,NVDA
2026-07-22 08:30:00+00:00,0.2486470674272212,long,2026-07-22,NVDA
2026-07-22 13:30:00+00:00,-2.2964106522578076,short,2026-07-22,NVDA
2026-07-22 14:45:00+00:00,-2.318134021604057,short,2026-07-22,NVDA
2026-07-23 12:15:00+00:00,-0.5005482194784805,long,2026-07-23,NVDA
2026-07-23 13:45:00+00:00,-0.38270187523917754,long,2026-07-23,NVDA
2026-07-24 14:45:00+00:00,-0.32441200324411223,short,2026-07-24,NVDA
2026-07-24 15:45:00+00:00,0.21393933631264073,short,2026-07-24,NVDA
2026-07-27 11:15:00+00:00,0.0913154226942936,long,2026-07-27,NVDA
2026-07-27 13:30:00+00:00,-2.6870832304272674,long,2026-07-27,NVDA
2026-07-27 15:00:00+00:00,-0.928448884852151,long,2026-07-27,NVDA
2026-07-28 14:45:00+00:00,-0.6502743344848572,short,2026-07-28,NVDA
2026-07-28 15:30:00+00:00,0.19713895769095657,short,2026-07-28,NVDA
2026-07-29 13:45:00+00:00,-0.7848401920793058,long,2026-07-29,NVDA
2026-07-30 10:15:00+00:00,-0.4922279792745954,short,2026-07-30,NVDA
2026-07-30 11:00:00+00:00,-0.677843319879945,short,2026-07-30,NVDA
2026-07-30 12:00:00+00:00,-0.8227913195515857,short,2026-07-30,NVDA
2026-07-30 13:45:00+00:00,1.210480616987586,short,2026-07-30,NVDA
2026-07-31 14:00:00+00:00,0.5618264467031064,long,2026-07-31,NVDA
2026-07-31 15:15:00+00:00,1.832380563495306,long,2026-07-31,NVDA
2026-08-03 13:15:00+00:00,4.389775712265109,long,2026-08-03,NVDA
2026-08-03 14:00:00+00:00,-1.4581396486764042,short,2026-08-03,NVDA
2026-08-04 11:00:00+00:00,-0.3912587078919616,short,2026-08-04,NVDA
2026-08-05 13:30:00+00:00,0.031806615776086566,short,2026-08-05,NVDA
2026-08-06 11:15:00+00:00,-0.4302146544697072,short,2026-08-06,NVDA
2026-03-05 14:15:00+00:00,-0.06899988500019827,long,2026-03-05,AAPL
2026-03-06 13:45:00+00:00,0.042769936622732985,long,2026-03-06,AAPL
2026-03-06 14:30:00+00:00,0.5521616541353191,long,2026-03-06,AAPL
2026-03-09 14:00:00+00:00,-0.6952853404164072,short,2026-03-09,AAPL
2026-03-09 14:30:00+00:00,-0.4280155642023331,short,2026-03-09,AAPL
2026-03-10 08:00:00+00:00,0.11489850631942744,short,2026-03-10,AAPL
2026-03-10 13:15:00+00:00,1.3387140584377955,long,2026-03-10,AAPL
2026-03-11 12:45:00+00:00,0.10763848844810298,long,2026-03-11,AAPL
2026-03-11 14:15:00+00:00,0.2347959969207114,long,2026-03-11,AAPL
2026-03-12 13:30:00+00:00,-0.6611955972152028,long,2026-03-12,AAPL
2026-03-13 15:15:00+00:00,-0.8524072612470346,long,2026-03-13,AAPL
2026-03-16 13:45:00+00:00,0.07100591715976101,short,2026-03-16,AAPL
2026-03-17 12:30:00+00:00,-0.6039553152015209,short,2026-03-17,AAPL
2026-03-17 13:00:00+00:00,-0.3903477643719011,short,2026-03-17,AAPL
2026-03-17 13:30:00+00:00,0.06287083971865393,short,2026-03-17,AAPL
2026-03-18 12:30:00+00:00,-0.414070510292619,long,2026-03-18,AAPL
2026-03-19 09:45:00+00:00,0.32133931050898346,short,2026-03-19,AAPL
2026-03-20 09:45:00+00:00,-0.10078613182825658,long,2026-03-20,AAPL
2026-03-20 12:00:00+00:00,0.11716698315220597,long,2026-03-20,AAPL
2026-03-23 11:00:00+00:00,0.7348606908476496,short,2026-03-23,AAPL
2026-03-24 15:00:00+00:00,0.10634107916502877,short,2026-03-24,AAPL
2026-03-25 08:15:00+00:00,0.2830745036367155,short,2026-03-25,AAPL
2026-03-25 12:00:00+00:00,0.8193507919084242,short,2026-03-25,AAPL
2026-03-25 13:45:00+00:00,0.5148514851485153,long,2026-03-25,AAPL
2026-03-26 13:45:00+00:00,-1.00302875349092,short,2026-03-26,AAPL
2026-03-27 08:15:00+00:00,-0.15748031496063408,long,2026-03-27,AAPL
2026-03-27 10:45:00+00:00,0.1305741304949981,long,2026-03-27,AAPL
2026-03-30 13:15:00+00:00,1.314580253326414,short,2026-03-30,AAPL
2026-03-30 13:30:00+00:00,-0.25830407232514396,long,2026-03-30,AAPL
2026-03-30 14:30:00+00:00,-0.004044162251792827,long,2026-03-30,AAPL
2026-03-31 11:30:00+00:00,0.3092742097441481,short,2026-03-31,AAPL
2026-04-01 11:45:00+00:00,0.3825733916302365,short,2026-04-01,AAPL
2026-04-02 13:30:00+00:00,1.4889720519149607,long,2026-04-02,AAPL
2026-04-03 11:00:00+00:00,0.023539566087338315,long,2026-04-03,AAPL
2026-04-06 13:30:00+00:00,-0.4882774656074451,short,2026-04-06,AAPL
2026-04-07 10:45:00+00:00,0.31975043868199826,long,2026-04-07,AAPL
2026-04-07 13:30:00+00:00,-0.8449918290884373,long,2026-04-07,AAPL
2026-04-08 13:30:00+00:00,0.20572936883780368,long,2026-04-08,AAPL
2026-04-08 15:15:00+00:00,-0.0116373792621971,long,2026-04-08,AAPL
2026-04-09 09:45:00+00:00,0.37833455584294073,short,2026-04-09,AAPL
2026-04-09 11:00:00+00:00,-0.007745033497286169,long,2026-04-09,AAPL
2026-04-09 11:45:00+00:00,-0.5541561712846366,long,2026-04-09,AAPL
2026-04-09 13:15:00+00:00,0.6397410205025489,short,2026-04-09,AAPL
2026-04-09 13:45:00+00:00,0.8650923544540445,long,2026-04-09,AAPL
2026-04-10 11:45:00+00:00,0.5247723414106842,long,2026-04-10,AAPL
2026-04-10 14:00:00+00:00,0.3247249388752871,short,2026-04-10,AAPL
2026-04-13 12:30:00+00:00,0.8737154074131004,short,2026-04-13,AAPL
2026-04-13 13:15:00+00:00,0.7465558377587889,short,2026-04-13,AAPL
2026-04-13 13:30:00+00:00,-0.2984611806659099,long,2026-04-13,AAPL
2026-04-13 14:15:00+00:00,0.18251009630321224,long,2026-04-13,AAPL
2026-04-14 12:15:00+00:00,0.20000769260355433,short,2026-04-14,AAPL
2026-04-14 13:30:00+00:00,1.1960716878749666,short,2026-04-14,AAPL
2026-04-15 13:00:00+00:00,2.108888286963584,long,2026-04-15,AAPL
2026-04-15 14:00:00+00:00,-2.035173949773439,short,2026-04-15,AAPL
2026-04-16 10:30:00+00:00,-0.2277819268110548,short,2026-04-16,AAPL
2026-04-16 13:30:00+00:00,-0.10623766884202412,long,2026-04-16,AAPL
2026-04-17 08:00:00+00:00,-0.37777190132597394,short,2026-04-17,AAPL
2026-04-17 11:15:00+00:00,-0.39030248442544213,short,2026-04-17,AAPL
2026-04-17 13:45:00+00:00,-0.690602606467916,short,2026-04-17,AAPL
2026-04-17 14:30:00+00:00,-0.6035919274208545,short,2026-04-17,AAPL
2026-04-20 09:15:00+00:00,-0.022169671888860876,short,2026-04-20,AAPL
2026-04-20 13:30:00+00:00,0.10995455211844085,short,2026-04-20,AAPL
2026-04-21 14:15:00+00:00,-1.2860425468830927,long,2026-04-21,AAPL
2026-04-21 15:15:00+00:00,-0.633926240817384,long,2026-04-21,AAPL
2026-04-22 13:00:00+00:00,1.9268904104463802,long,2026-04-22,AAPL
2026-04-22 14:00:00+00:00,-0.922441148254749,short,2026-04-22,AAPL
2026-04-22 15:00:00+00:00,-0.2936641949930374,short,2026-04-22,AAPL
2026-04-23 11:45:00+00:00,-0.007298737318461868,short,2026-04-23,AAPL
2026-04-24 08:00:00+00:00,0.03303843471236245,long,2026-04-24,AAPL
2026-04-24 11:15:00+00:00,0.14984284774505197,short,2026-04-24,AAPL
2026-04-27 08:00:00+00:00,-0.46411465488434,long,2026-04-27,AAPL
2026-04-27 13:15:00+00:00,0.3563524513297667,long,2026-04-27,AAPL
2026-04-28 09:15:00+00:00,-0.23439243991369985,short,2026-04-28,AAPL
2026-04-28 13:00:00+00:00,-0.1621044099767932,short,2026-04-28,AAPL
2026-04-28 14:15:00+00:00,0.5745009943286417,short,2026-04-28,AAPL
2026-04-28 15:00:00+00:00,0.6142641703755558,short,2026-04-28,AAPL
2026-04-29 09:15:00+00:00,-0.3927235004260732,long,2026-04-29,AAPL
2026-04-29 10:30:00+00:00,-0.37089236703509165,long,2026-04-29,AAPL
2026-04-29 11:00:00+00:00,-0.10765461429951273,long,2026-04-29,AAPL
2026-04-29 12:30:00+00:00,0.5137368773732387,long,2026-04-29,AAPL
2026-04-29 13:15:00+00:00,0.4770601170287936,long,2026-04-29,AAPL
2026-05-01 08:15:00+00:00,0.06784018281144055,short,2026-05-01,AAPL
2026-05-01 09:15:00+00:00,-0.47062179121506453,short,2026-05-01,AAPL
2026-05-01 11:00:00+00:00,0.24162313896883836,short,2026-05-01,AAPL
2026-05-01 13:30:00+00:00,-0.8305647840531671,short,2026-05-01,AAPL
2026-05-01 15:30:00+00:00,0.9113533597392198,short,2026-05-01,AAPL
2026-05-04 10:00:00+00:00,0.4386595714080066,long,2026-05-04,AAPL
2026-05-04 13:30:00+00:00,0.07573571840739923,long,2026-05-04,AAPL
2026-05-05 12:00:00+00:00,1.3435214021873199,long,2026-05-05,AAPL
2026-05-05 12:30:00+00:00,2.207505518763808,long,2026-05-05,AAPL
2026-05-05 13:30:00+00:00,-0.484044460380062,short,2026-05-05,AAPL
2026-05-06 13:45:00+00:00,0.14668389620366984,short,2026-05-06,AAPL
2026-05-07 09:30:00+00:00,0.35892253545666275,long,2026-05-07,AAPL
2026-05-07 11:45:00+00:00,-0.840975947395739,short,2026-05-07,AAPL
2026-05-07 13:00:00+00:00,-0.5485028287567362,short,2026-05-07,AAPL
2026-05-07 13:30:00+00:00,-0.07241629021690343,short,2026-05-07,AAPL
2026-05-08 10:30:00+00:00,-0.663052111751905,short,2026-05-08,AAPL
2026-05-08 13:30:00+00:00,0.170282328099991,short,2026-05-08,AAPL
2026-05-11 13:30:00+00:00,0.8797553180521778,long,2026-05-11,AAPL
2026-05-12 13:45:00+00:00,-0.10192987224790784,short,2026-05-12,AAPL
2026-05-13 13:30:00+00:00,-0.2962962962963056,short,2026-05-13,AAPL
2026-05-13 14:30:00+00:00,-0.9872632926747116,short,2026-05-13,AAPL
2026-05-14 08:30:00+00:00,0.8075325023455315,long,2026-05-14,AAPL
2026-05-14 10:00:00+00:00,0.13623072833598426,short,2026-05-14,AAPL
2026-05-14 11:00:00+00:00,0.5813180972628174,short,2026-05-14,AAPL
2026-05-15 08:00:00+00:00,-0.2460646509589881,long,2026-05-15,AAPL
2026-05-15 08:45:00+00:00,0.22667298193383978,long,2026-05-15,AAPL
2026-05-18 12:30:00+00:00,0.6234995998933068,short,2026-05-18,AAPL
2026-05-18 15:15:00+00:00,0.22998613318903072,long,2026-05-18,AAPL
2026-05-19 13:30:00+00:00,0.933022325891375,short,2026-05-19,AAPL
2026-05-20 13:30:00+00:00,0.9574609064404993,short,2026-05-20,AAPL
2026-05-21 13:45:00+00:00,-0.3865213082259622,short,2026-05-21,AAPL
2026-05-21 15:00:00+00:00,-0.36316814685199983,short,2026-05-21,AAPL
2026-05-22 13:30:00+00:00,-1.10659072416599,short,2026-05-22,AAPL
2026-05-27 08:15:00+00:00,0.18410852713179882,short,2026-05-27,AAPL
2026-05-27 13:30:00+00:00,-0.12861736334404128,short,2026-05-27,AAPL
2026-05-27 14:30:00+00:00,0.5622464300546248,short,2026-05-27,AAPL
2026-05-28 10:45:00+00:00,-0.048335642702923565,long,2026-05-28,AAPL
2026-05-28 14:00:00+00:00,0.4673944360853999,short,2026-05-28,AAPL
2026-05-29 10:15:00+00:00,0.33453422542459865,long,2026-05-29,AAPL
2026-05-29 12:45:00+00:00,0.2081332052513707,short,2026-05-29,AAPL
2026-05-29 13:30:00+00:00,0.8280254777070173,short,2026-05-29,AAPL
2026-05-29 14:15:00+00:00,0.7710198489820685,short,2026-05-29,AAPL
2026-06-01 12:45:00+00:00,1.2980336717645646,short,2026-06-01,AAPL
2026-06-01 14:15:00+00:00,-0.6555036344756071,long,2026-06-01,AAPL
2026-06-02 13:30:00+00:00,-1.2641448431943036,short,2026-06-02,AAPL
2026-06-02 14:15:00+00:00,-0.6211579929838118,short,2026-06-02,AAPL
2026-06-03 13:30:00+00:00,1.681441054922861,short,2026-06-03,AAPL
2026-06-03 14:45:00+00:00,-0.4009623095429071,long,2026-06-03,AAPL
2026-06-04 14:00:00+00:00,-0.20861416008729483,long,2026-06-04,AAPL
2026-06-04 15:15:00+00:00,0.40567951318459805,long,2026-06-04,AAPL
2026-06-05 09:00:00+00:00,0.2470641083231806,short,2026-06-05,AAPL
2026-06-05 12:00:00+00:00,-0.5677079992302492,short,2026-06-05,AAPL
2026-06-05 13:15:00+00:00,-0.11181751381745819,short,2026-06-05,AAPL
2026-06-05 14:30:00+00:00,1.012577615029453,short,2026-06-05,AAPL
2026-06-08 13:30:00+00:00,-0.8442475603492428,short,2026-06-08,AAPL
2026-06-08 14:15:00+00:00,-0.5641387268414677,short,2026-06-08,AAPL
2026-06-09 12:00:00+00:00,-1.8082941313849132,long,2026-06-09,AAPL
2026-06-09 13:30:00+00:00,-2.0205076483442608,long,2026-06-09,AAPL
2026-06-09 15:15:00+00:00,-0.41456812964675294,long,2026-06-09,AAPL
2026-06-10 09:00:00+00:00,0.2174363222199105,long,2026-06-10,AAPL
2026-06-11 14:00:00+00:00,1.1280005502441792,long,2026-06-11,AAPL
2026-06-11 14:45:00+00:00,1.2775042181742968,long,2026-06-11,AAPL
2026-06-12 08:00:00+00:00,-0.10108497877214795,short,2026-06-12,AAPL
2026-06-12 09:00:00+00:00,0.020208143881983442,short,2026-06-12,AAPL
2026-06-12 13:30:00+00:00,-0.25603386474584156,long,2026-06-12,AAPL
2026-06-12 14:30:00+00:00,-0.020587427944007697,long,2026-06-12,AAPL
2026-06-15 14:00:00+00:00,-0.38839542031139374,short,2026-06-15,AAPL
2026-06-16 13:45:00+00:00,-0.43716582035848717,short,2026-06-16,AAPL
2026-06-16 15:00:00+00:00,-0.46567724211865613,short,2026-06-16,AAPL
2026-06-17 13:15:00+00:00,1.1066431823468892,short,2026-06-17,AAPL
2026-06-18 11:15:00+00:00,0.6159956913962761,long,2026-06-18,AAPL
2026-06-18 13:15:00+00:00,0.45164096216253613,short,2026-06-18,AAPL
2026-06-18 14:00:00+00:00,0.6282372598162111,short,2026-06-18,AAPL
2026-06-19 14:00:00+00:00,0.4089219330855043,long,2026-06-19,AAPL
2026-06-22 13:30:00+00:00,0.18555334658714173,short,2026-06-22,AAPL
2026-06-23 13:30:00+00:00,0.9441489361702193,short,2026-06-23,AAPL
2026-06-24 11:00:00+00:00,-0.057574423409079145,short,2026-06-24,AAPL
2026-06-24 12:15:00+00:00,0.2430379746835576,short,2026-06-24,AAPL
2026-06-24 14:30:00+00:00,-0.31345849202872866,short,2026-06-24,AAPL
2026-06-25 13:15:00+00:00,-3.4655184387804794,long,2026-06-25,AAPL
2026-06-25 14:45:00+00:00,-0.8384009211615417,long,2026-06-25,AAPL
2026-06-26 14:30:00+00:00,0.3790859022959725,short,2026-06-26,AAPL
2026-06-29 13:15:00+00:00,1.4955551682063861,short,2026-06-29,AAPL
2026-06-29 14:00:00+00:00,-0.42188109334562185,long,2026-06-29,AAPL
2026-06-30 13:30:00+00:00,-1.8024055588868215,short,2026-06-30,AAPL
2026-07-01 12:45:00+00:00,-0.4256333424135006,short,2026-07-01,AAPL
2026-07-01 14:30:00+00:00,0.0712178248041484,short,2026-07-01,AAPL
2026-07-01 15:15:00+00:00,0.594855848852538,short,2026-07-01,AAPL
2026-07-02 08:00:00+00:00,0.5544168542723771,short,2026-07-02,AAPL
2026-07-02 13:30:00+00:00,-1.727408886670001,short,2026-07-02,AAPL
2026-07-06 09:30:00+00:00,0.5306951451221842,long,2026-07-06,AAPL
2026-07-06 13:30:00+00:00,-1.4803322667183982,short,2026-07-06,AAPL
2026-07-07 13:30:00+00:00,0.746436008329332,long,2026-07-07,AAPL
2026-07-08 08:15:00+00:00,-0.2615434291249552,long,2026-07-08,AAPL
2026-07-08 09:30:00+00:00,0.11313314154572929,long,2026-07-08,AAPL
2026-07-09 13:15:00+00:00,1.258651215193951,long,2026-07-09,AAPL
2026-07-09 13:45:00+00:00,1.293353066083247,long,2026-07-09,AAPL
2026-07-09 15:15:00+00:00,-0.09219226856562734,short,2026-07-09,AAPL
2026-07-10 11:00:00+00:00,0.10490844354018591,long,2026-07-10,AAPL
2026-07-10 11:45:00+00:00,0.019087004930806728,long,2026-07-10,AAPL
2026-07-10 14:00:00+00:00,0.1625757092763802,long,2026-07-10,AAPL
2026-07-13 12:45:00+00:00,-0.7452553131019446,short,2026-07-13,AAPL
2026-07-14 08:00:00+00:00,0.044655672865290263,long,2026-07-14,AAPL
2026-07-14 10:00:00+00:00,0.31563845050215367,long,2026-07-14,AAPL
2026-07-15 08:00:00+00:00,-0.20515086478980482,short,2026-07-15,AAPL
2026-07-15 13:30:00+00:00,-1.6386803327206323,short,2026-07-15,AAPL
2026-07-16 08:00:00+00:00,0.2951019166413049,short,2026-07-16,AAPL
2026-07-16 13:45:00+00:00,-0.28712183032610916,short,2026-07-16,AAPL
2026-07-16 14:15:00+00:00,-0.2574119499712424,short,2026-07-16,AAPL
2026-07-16 15:30:00+00:00,-0.374463972941963,short,2026-07-16,AAPL
2026-07-17 13:45:00+00:00,0.3290963437094341,long,2026-07-17,AAPL
2026-07-20 11:15:00+00:00,0.32853095424680845,long,2026-07-20,AAPL
2026-07-20 11:45:00+00:00,-0.8528977426840667,long,2026-07-20,AAPL
2026-07-20 13:30:00+00:00,-1.3157894736842146,long,2026-07-20,AAPL
2026-07-21 08:00:00+00:00,0.14152104356386364,long,2026-07-21,AAPL
2026-07-21 13:15:00+00:00,1.5049908835254477,long,2026-07-21,AAPL
2026-07-21 14:30:00+00:00,-0.14350268685883183,short,2026-07-21,AAPL
2026-07-21 15:15:00+00:00,0.3683858004018714,short,2026-07-21,AAPL
2026-07-22 14:00:00+00:00,-0.1199852325867723,long,2026-07-22,AAPL
2026-07-23 11:00:00+00:00,0.129842025535587,long,2026-07-23,AAPL
2026-07-23 11:30:00+00:00,-0.5758513931888642,long,2026-07-23,AAPL
2026-07-23 12:45:00+00:00,-0.6029311730876175,long,2026-07-23,AAPL
2026-07-23 13:15:00+00:00,-0.11807842893543086,long,2026-07-23,AAPL
2026-07-23 14:45:00+00:00,-0.20219616138364982,long,2026-07-23,AAPL
2026-07-23 15:30:00+00:00,-0.07163993147485392,long,2026-07-23,AAPL
2026-07-24 08:00:00+00:00,-0.06209059017106,short,2026-07-24,AAPL
2026-07-24 13:30:00+00:00,-2.13614879381252,short,2026-07-24,AAPL
2026-07-27 14:00:00+00:00,-0.21098300249615676,short,2026-07-27,AAPL
2026-07-27 14:45:00+00:00,0.4878625705922235,short,2026-07-27,AAPL
2026-07-28 12:30:00+00:00,0.34766211956041015,short,2026-07-28,AAPL
2026-07-30 10:15:00+00:00,-0.32338456061234977,long,2026-07-30,AAPL
2026-07-30 11:00:00+00:00,-0.22867664528393172,long,2026-07-30,AAPL
2026-07-30 12:15:00+00:00,-1.2888055481144245,long,2026-07-30,AAPL
2026-07-30 13:15:00+00:00,-0.6058243109498207,long,2026-07-30,AAPL
2026-07-31 10:45:00+00:00,-0.05499660315099186,long,2026-07-31,AAPL
2026-07-31 12:00:00+00:00,-1.6981622183258716,long,2026-07-31,AAPL
2026-07-31 12:30:00+00:00,-1.5558009614135448,long,2026-07-31,AAPL
2026-07-31 13:00:00+00:00,-1.3748496766015639,long,2026-07-31,AAPL
2026-08-03 10:30:00+00:00,-0.10606498891139182,short,2026-08-03,AAPL
2026-08-03 11:15:00+00:00,0.40132275981635823,short,2026-08-03,AAPL
2026-08-03 13:30:00+00:00,-0.9650810211600414,long,2026-08-03,AAPL
2026-08-04 11:00:00+00:00,0.01320480654958267,long,2026-08-04,AAPL
2026-08-04 13:00:00+00:00,1.2476894639556368,long,2026-08-04,AAPL
2026-08-04 13:45:00+00:00,-0.3728658337149193,short,2026-08-04,AAPL
2026-08-05 08:30:00+00:00,0.45007660878446654,short,2026-08-05,AAPL
2026-08-05 09:15:00+00:00,0.7980336450984726,short,2026-08-05,AAPL
2026-08-05 11:30:00+00:00,0.31196178468138047,long,2026-08-05,AAPL
2026-08-06 11:00:00+00:00,0.4061171394124097,short,2026-08-06,AAPL
2026-08-06 13:45:00+00:00,1.703139866793535,short,2026-08-06,AAPL
2026-08-06 14:30:00+00:00,-0.27507676560901695,long,2026-08-06,AAPL
2026-08-06 15:15:00+00:00,0.3381424706943248,long,2026-08-06,AAPL
2026-03-06 09:30:00+00:00,-0.1263940520446094,long,2026-03-06,TSLA
2026-03-06 13:30:00+00:00,-0.816887334499139,long,2026-03-06,TSLA
2026-03-09 13:45:00+00:00,1.208200171486462,long,2026-03-09,TSLA
2026-03-10 13:45:00+00:00,0.8011437868218008,short,2026-03-10,TSLA
2026-03-11 13:30:00+00:00,0.43082346029570395,short,2026-03-11,TSLA
2026-03-12 09:45:00+00:00,0.3886675303722886,short,2026-03-12,TSLA
2026-03-12 13:45:00+00:00,-0.6388819565759873,long,2026-03-12,TSLA
2026-03-12 14:15:00+00:00,-0.23264540337710748,long,2026-03-12,TSLA
2026-03-13 14:45:00+00:00,0.5757081719991897,long,2026-03-13,TSLA
2026-03-16 12:15:00+00:00,-1.5490967807044065,short,2026-03-16,TSLA
2026-03-16 13:30:00+00:00,-0.47373170242632767,short,2026-03-16,TSLA
2026-03-16 14:45:00+00:00,0.9101790434392298,short,2026-03-16,TSLA
2026-03-17 13:45:00+00:00,0.15086748805631656,short,2026-03-17,TSLA
2026-03-17 14:30:00+00:00,0.49552029631111383,short,2026-03-17,TSLA
2026-03-18 10:00:00+00:00,0.5461089735633751,short,2026-03-18,TSLA
2026-03-18 12:30:00+00:00,0.005020080321305187,long,2026-03-18,TSLA
2026-03-19 08:30:00+00:00,0.005112735824930326,long,2026-03-19,TSLA
2026-03-19 12:00:00+00:00,-1.5182264238189358,long,2026-03-19,TSLA
2026-03-19 15:30:00+00:00,-0.07859163784973422,long,2026-03-19,TSLA
2026-03-20 10:00:00+00:00,0.5857097423937141,long,2026-03-20,TSLA
2026-03-20 13:30:00+00:00,-0.07987645774535368,long,2026-03-20,TSLA
2026-03-23 11:00:00+00:00,0.16103059581320522,short,2026-03-23,TSLA
2026-03-23 13:30:00+00:00,-0.39477839772608103,short,2026-03-23,TSLA
2026-03-25 12:00:00+00:00,-0.17844396859387768,short,2026-03-25,TSLA
2026-03-25 12:45:00+00:00,-0.4753143207605115,short,2026-03-25,TSLA
2026-03-25 13:30:00+00:00,0.6053515108352947,short,2026-03-25,TSLA
2026-03-25 14:00:00+00:00,1.206168252837292,short,2026-03-25,TSLA
2026-03-26 08:00:00+00:00,-0.37358273682008836,long,2026-03-26,TSLA
2026-03-26 12:30:00+00:00,-0.013144404427034573,long,2026-03-26,TSLA
2026-03-27 13:30:00+00:00,0.7944334867411751,long,2026-03-27,TSLA
2026-03-31 13:15:00+00:00,-0.7350096711798981,short,2026-03-31,TSLA
2026-03-31 15:00:00+00:00,-1.502321770008197,short,2026-03-31,TSLA
2026-04-01 11:00:00+00:00,0.43979774570737096,short,2026-04-01,TSLA
2026-04-01 11:30:00+00:00,1.316861611249831,short,2026-04-01,TSLA
2026-04-02 13:00:00+00:00,0.5699098556045668,long,2026-04-02,TSLA
2026-04-02 13:45:00+00:00,0.0027344070438362067,long,2026-04-02,TSLA
2026-04-06 08:00:00+00:00,-0.051884216275266404,short,2026-04-06,TSLA
2026-04-06 10:30:00+00:00,0.6955810147299513,short,2026-04-06,TSLA
2026-04-06 14:00:00+00:00,-1.5531494419238956,long,2026-04-06,TSLA
2026-04-07 13:45:00+00:00,-0.8737185461323405,long,2026-04-07,TSLA
2026-04-07 14:30:00+00:00,0.9289746001881483,long,2026-04-07,TSLA
2026-04-08 13:30:00+00:00,-2.5794097769768043,long,2026-04-08,TSLA
2026-04-09 08:15:00+00:00,1.4160643986133037,long,2026-04-09,TSLA
2026-04-09 13:45:00+00:00,1.8564356435643692,long,2026-04-09,TSLA
2026-04-13 13:15:00+00:00,-0.1028453890983716,short,2026-04-13,TSLA
2026-04-13 14:45:00+00:00,-0.04819003883551609,short,2026-04-13,TSLA
2026-04-14 14:15:00+00:00,-1.278236914600539,short,2026-04-14,TSLA
2026-04-14 15:15:00+00:00,-0.688819088554582,short,2026-04-14,TSLA
2026-04-15 13:45:00+00:00,-5.894572137692888,short,2026-04-15,TSLA
2026-04-16 10:30:00+00:00,0.5354106929889246,long,2026-04-16,TSLA
2026-04-16 13:30:00+00:00,0.5157563566970946,long,2026-04-16,TSLA
2026-04-17 11:30:00+00:00,-0.5982383789012946,short,2026-04-17,TSLA
2026-04-17 12:00:00+00:00,-0.40790473777552183,short,2026-04-17,TSLA
2026-04-17 14:15:00+00:00,-2.5912482355313404,short,2026-04-17,TSLA
2026-04-20 13:00:00+00:00,2.198680791525087,short,2026-04-20,TSLA
2026-04-20 14:00:00+00:00,-0.2971579508800448,long,2026-04-20,TSLA
2026-04-20 14:45:00+00:00,0.17656541876711618,long,2026-04-20,TSLA
2026-04-21 08:30:00+00:00,0.02782767082395443,short,2026-04-21,TSLA
2026-04-21 10:45:00+00:00,0.1642824647424601,short,2026-04-21,TSLA
2026-04-21 13:30:00+00:00,-0.45144999617414694,long,2026-04-21,TSLA
2026-04-21 14:45:00+00:00,-0.5991243567094129,long,2026-04-21,TSLA
2026-04-22 14:00:00+00:00,0.40234275528392427,short,2026-04-22,TSLA
2026-04-23 12:15:00+00:00,-1.5255591054313178,long,2026-04-23,TSLA
2026-04-23 13:00:00+00:00,0.44520274052943787,long,2026-04-23,TSLA
2026-04-23 13:45:00+00:00,2.060391715564136,long,2026-04-23,TSLA
2026-04-24 08:00:00+00:00,0.09552365537188745,short,2026-04-24,TSLA
2026-04-24 11:15:00+00:00,0.9183295400412961,short,2026-04-24,TSLA
2026-04-24 13:30:00+00:00,1.041666666666674,short,2026-04-24,TSLA
2026-04-27 12:30:00+00:00,-1.2690016296652562,long,2026-04-27,TSLA
2026-04-27 14:45:00+00:00,1.9172113289760429,long,2026-04-27,TSLA
2026-04-28 11:00:00+00:00,0.12821882679772134,long,2026-04-28,TSLA
2026-04-28 12:15:00+00:00,1.4339703556782712,long,2026-04-28,TSLA
2026-04-28 13:30:00+00:00,0.7195005819490063,short,2026-04-28,TSLA
2026-04-29 12:45:00+00:00,-0.621993035804469,long,2026-04-29,TSLA
2026-04-29 13:15:00+00:00,-0.37481060102608765,long,2026-04-29,TSLA
2026-04-29 14:00:00+00:00,-0.24096385542168308,long,2026-04-29,TSLA
2026-04-29 15:30:00+00:00,0.1608449722542593,long,2026-04-29,TSLA
2026-04-30 14:45:00+00:00,-0.48597833014658587,short,2026-04-30,TSLA
2026-05-01 12:00:00+00:00,-0.8340935748729406,short,2026-05-01,TSLA
2026-05-01 14:00:00+00:00,-1.9904355693421083,short,2026-05-01,TSLA
2026-05-04 09:00:00+00:00,-0.14519703492370528,long,2026-05-04,TSLA
2026-05-04 10:00:00+00:00,0.8036266227076094,long,2026-05-04,TSLA
2026-05-05 08:00:00+00:00,0.14965503246754386,short,2026-05-05,TSLA
2026-05-05 11:00:00+00:00,-0.5017739483020645,short,2026-05-05,TSLA
2026-05-05 11:45:00+00:00,-1.0340370529943854,short,2026-05-05,TSLA
2026-05-05 13:30:00+00:00,1.4595267745952767,short,2026-05-05,TSLA
2026-05-06 08:45:00+00:00,-0.34593209481101894,short,2026-05-06,TSLA
2026-05-06 10:00:00+00:00,0.2274121013900232,short,2026-05-06,TSLA
2026-05-06 11:00:00+00:00,0.728755255446556,short,2026-05-06,TSLA
2026-05-07 08:30:00+00:00,-1.245019920318735,short,2026-05-07,TSLA
2026-05-07 11:45:00+00:00,-1.66093366093365,short,2026-05-07,TSLA
2026-05-07 13:15:00+00:00,-0.21318826729397333,short,2026-05-07,TSLA
2026-05-08 11:00:00+00:00,0.16068687643897572,short,2026-05-08,TSLA
2026-05-08 12:30:00+00:00,-1.8561040949100605,short,2026-05-08,TSLA
2026-05-08 13:30:00+00:00,-1.5342361966095286,short,2026-05-08,TSLA
2026-05-11 09:15:00+00:00,0.4335839008412501,long,2026-05-11,TSLA
2026-05-11 13:15:00+00:00,3.1502022089255677,long,2026-05-11,TSLA
2026-05-11 15:00:00+00:00,-2.0534262485481847,short,2026-05-11,TSLA
2026-05-12 13:30:00+00:00,3.7182215253667716,short,2026-05-12,TSLA
2026-05-12 14:45:00+00:00,-1.7861285084667222,long,2026-05-12,TSLA
2026-05-12 15:45:00+00:00,0.6084811464818651,long,2026-05-12,TSLA
2026-05-13 11:00:00+00:00,0.8733227200363847,short,2026-05-13,TSLA
2026-05-13 12:30:00+00:00,3.0962458594037567,long,2026-05-13,TSLA
2026-05-13 14:30:00+00:00,-0.46409924583872275,short,2026-05-13,TSLA
2026-05-14 11:00:00+00:00,0.5765861663672878,short,2026-05-14,TSLA
2026-05-14 11:45:00+00:00,1.7646537199609735,short,2026-05-14,TSLA
2026-05-14 13:30:00+00:00,1.2266486608147664,long,2026-05-14,TSLA
2026-05-14 14:15:00+00:00,1.4635137881970461,long,2026-05-14,TSLA
2026-05-15 08:15:00+00:00,0.31225424434473403,long,2026-05-15,TSLA
2026-05-15 13:30:00+00:00,-0.1990399250673236,long,2026-05-15,TSLA
2026-05-15 14:15:00+00:00,-0.44721253131657646,long,2026-05-15,TSLA
2026-05-15 14:45:00+00:00,-0.17836188688102883,long,2026-05-15,TSLA
2026-05-18 13:30:00+00:00,-0.3902462672096263,long,2026-05-18,TSLA
2026-05-18 15:15:00+00:00,0.38630806845965093,long,2026-05-18,TSLA
2026-05-19 13:15:00+00:00,-1.4354659076846965,long,2026-05-19,TSLA
2026-05-20 08:00:00+00:00,0.04155869554588465,short,2026-05-20,TSLA
2026-05-20 13:30:00+00:00,-0.2064108790674979,short,2026-05-20,TSLA
2026-05-20 14:45:00+00:00,-0.23264831329974367,short,2026-05-20,TSLA
2026-05-20 15:15:00+00:00,-0.36084471568342824,short,2026-05-20,TSLA
2026-05-20 15:45:00+00:00,-0.13315579227697327,short,2026-05-20,TSLA
2026-05-21 14:15:00+00:00,0.6003037681718393,long,2026-05-21,TSLA
2026-05-22 08:00:00+00:00,0.7022371948470885,short,2026-05-22,TSLA
2026-05-22 14:15:00+00:00,-0.7035956325301296,short,2026-05-22,TSLA
2026-05-26 15:00:00+00:00,0.15455237480104245,short,2026-05-26,TSLA
2026-05-27 08:00:00+00:00,-1.060571428571433,short,2026-05-27,TSLA
2026-05-27 11:00:00+00:00,0.7428249859313452,short,2026-05-27,TSLA
2026-05-28 13:45:00+00:00,-0.20404924388419676,short,2026-05-28,TSLA
2026-05-29 13:45:00+00:00,-0.4844053467382592,long,2026-05-29,TSLA
2026-06-01 08:15:00+00:00,0.018557609779867867,long,2026-06-01,TSLA
2026-06-01 09:15:00+00:00,-0.016266586108337755,long,2026-06-01,TSLA
2026-06-01 13:00:00+00:00,-1.627456923686721,long,2026-06-01,TSLA
2026-06-02 14:30:00+00:00,0.33064097113977287,short,2026-06-02,TSLA
2026-06-03 09:30:00+00:00,0.5542813455657436,long,2026-06-03,TSLA
2026-06-03 13:30:00+00:00,-0.9080590238365494,short,2026-06-03,TSLA
2026-06-04 09:00:00+00:00,0.1264071742034023,long,2026-06-04,TSLA
2026-06-04 12:30:00+00:00,0.8381537008617657,short,2026-06-04,TSLA
2026-06-04 14:00:00+00:00,1.3158513088020962,short,2026-06-04,TSLA
2026-06-05 12:30:00+00:00,3.662492009754015,short,2026-06-05,TSLA
2026-06-05 13:15:00+00:00,4.197448749317056,short,2026-06-05,TSLA
2026-06-05 13:30:00+00:00,-3.069646218446831,long,2026-06-05,TSLA
2026-06-08 14:15:00+00:00,-0.44398144703226006,short,2026-06-08,TSLA
2026-06-08 14:45:00+00:00,-0.7175731182263556,short,2026-06-08,TSLA
2026-06-09 11:45:00+00:00,0.1406572086819602,short,2026-06-09,TSLA
2026-06-09 14:15:00+00:00,-4.533405331107954,long,2026-06-09,TSLA
2026-06-10 08:30:00+00:00,0.38387715930903177,long,2026-06-10,TSLA
2026-06-10 11:30:00+00:00,1.8200514138817514,long,2026-06-10,TSLA
2026-06-10 14:45:00+00:00,-0.49286640726329267,long,2026-06-10,TSLA
2026-06-11 08:00:00+00:00,0.41345659989726613,short,2026-06-11,TSLA
2026-06-12 15:45:00+00:00,3.606591090203337,long,2026-06-12,TSLA
2026-06-15 14:30:00+00:00,0.31794947049184064,long,2026-06-15,TSLA
2026-06-15 15:00:00+00:00,0.34271725826193755,long,2026-06-15,TSLA
2026-06-16 11:00:00+00:00,0.855620202415297,short,2026-06-16,TSLA
2026-06-16 13:45:00+00:00,0.9247962520130826,short,2026-06-16,TSLA
2026-06-17 11:45:00+00:00,-0.892501988862382,long,2026-06-17,TSLA
2026-06-17 12:45:00+00:00,-0.4184100418410108,long,2026-06-17,TSLA
2026-06-17 13:45:00+00:00,0.6271165182490934,long,2026-06-17,TSLA
2026-06-17 14:30:00+00:00,1.0338439971963487,long,2026-06-17,TSLA
2026-06-17 15:00:00+00:00,1.2928329358604218,long,2026-06-17,TSLA
2026-06-18 13:30:00+00:00,-0.028306742151318343,long,2026-06-18,TSLA
2026-06-22 13:30:00+00:00,-1.786556164859432,short,2026-06-22,TSLA
2026-06-22 15:00:00+00:00,0.9906050722873982,short,2026-06-22,TSLA
2026-06-23 13:30:00+00:00,-1.2644210960032876,long,2026-06-23,TSLA
2026-06-23 14:15:00+00:00,-1.1116829644879145,long,2026-06-23,TSLA
2026-06-24 13:00:00+00:00,0.6983460225781002,long,2026-06-24,TSLA
2026-06-25 13:45:00+00:00,1.039428448646329,long,2026-06-25,TSLA
2026-06-26 13:45:00+00:00,-2.766082183019769,short,2026-06-26,TSLA
2026-06-29 13:30:00+00:00,-1.949839424988542,short,2026-06-29,TSLA
2026-06-30 12:45:00+00:00,2.4909800820441808,long,2026-06-30,TSLA
2026-06-30 14:00:00+00:00,-0.0936981957091021,short,2026-06-30,TSLA
2026-07-01 11:00:00+00:00,0.44621665242571273,short,2026-07-01,TSLA
2026-07-01 13:15:00+00:00,-2.4675848010050405,short,2026-07-01,TSLA
2026-07-01 13:45:00+00:00,-1.2829903362238104,short,2026-07-01,TSLA
2026-07-02 09:15:00+00:00,-0.011685519304482916,short,2026-07-02,TSLA
2026-07-02 10:15:00+00:00,-0.18878478534469778,short,2026-07-02,TSLA
2026-07-02 12:30:00+00:00,7.585710638100329,short,2026-07-02,TSLA
2026-07-02 13:30:00+00:00,-3.34773478796071,long,2026-07-02,TSLA
2026-07-03 13:30:00+00:00,0.46748725599899954,short,2026-07-03,TSLA
2026-07-03 14:45:00+00:00,0.2466859364098517,short,2026-07-03,TSLA
2026-07-06 13:45:00+00:00,-3.078912681240542,short,2026-07-06,TSLA
2026-07-07 14:00:00+00:00,-0.2177476573777426,long,2026-07-07,TSLA
2026-07-08 08:15:00+00:00,-0.34803074688900537,long,2026-07-08,TSLA
2026-07-08 14:45:00+00:00,0.5292620865139819,long,2026-07-08,TSLA
2026-07-09 15:45:00+00:00,-1.4457951873530606,short,2026-07-09,TSLA
2026-07-10 08:30:00+00:00,0.8051489774110854,long,2026-07-10,TSLA
2026-07-10 13:15:00+00:00,0.2847477427048495,short,2026-07-10,TSLA
2026-07-13 13:45:00+00:00,-0.0025244875290320046,long,2026-07-13,TSLA
2026-07-14 12:30:00+00:00,0.21543625842330716,short,2026-07-14,TSLA
2026-07-14 14:00:00+00:00,0.7055467987690411,short,2026-07-14,TSLA
2026-07-14 14:45:00+00:00,0.8707837053347878,short,2026-07-14,TSLA
2026-07-15 13:15:00+00:00,0.48514554366310136,short,2026-07-15,TSLA
2026-07-16 11:15:00+00:00,-0.16266775111833942,long,2026-07-16,TSLA
2026-07-16 12:45:00+00:00,0.7066146271778706,long,2026-07-16,TSLA
2026-07-16 13:30:00+00:00,1.648110356229493,long,2026-07-16,TSLA
2026-07-17 13:00:00+00:00,-0.6296209211798076,long,2026-07-17,TSLA
2026-07-17 14:30:00+00:00,0.9720981556407882,long,2026-07-17,TSLA
2026-07-20 11:00:00+00:00,-0.10657101268454205,short,2026-07-20,TSLA
2026-07-20 11:30:00+00:00,1.0418016430403965,short,2026-07-20,TSLA
2026-07-20 13:45:00+00:00,-0.43057622793961636,long,2026-07-20,TSLA
2026-07-21 08:15:00+00:00,0.04265870370863123,short,2026-07-21,TSLA
2026-07-21 14:00:00+00:00,-0.24716028607487672,short,2026-07-21,TSLA
2026-07-23 08:15:00+00:00,-0.5285472018089377,long,2026-07-23,TSLA
2026-07-23 09:00:00+00:00,-0.5429864253393757,long,2026-07-23,TSLA
2026-07-23 09:30:00+00:00,-1.0604903707474356,long,2026-07-23,TSLA
2026-07-23 11:00:00+00:00,-1.9534804367606906,long,2026-07-23,TSLA
2026-07-24 13:30:00+00:00,-2.203059104928562,long,2026-07-24,TSLA
2026-07-27 08:00:00+00:00,0.012586136370795753,short,2026-07-27,TSLA
2026-07-27 13:15:00+00:00,-1.5296854584276098,long,2026-07-27,TSLA
2026-07-27 13:45:00+00:00,-0.10980848109032326,long,2026-07-27,TSLA
2026-07-28 14:00:00+00:00,1.9505248865781422,long,2026-07-28,TSLA
2026-07-28 15:45:00+00:00,0.8187209902011383,short,2026-07-28,TSLA
2026-07-30 10:15:00+00:00,-0.4457210776545262,short,2026-07-30,TSLA
2026-07-30 12:00:00+00:00,-0.4495045606667025,short,2026-07-30,TSLA
2026-07-30 12:30:00+00:00,-0.606318825380181,short,2026-07-30,TSLA
2026-07-30 13:30:00+00:00,0.14997391757956002,short,2026-07-30,TSLA
2026-07-30 14:15:00+00:00,0.6621233164303519,short,2026-07-30,TSLA
2026-07-31 13:45:00+00:00,0.42682132151701246,long,2026-07-31,TSLA
2026-08-03 11:45:00+00:00,2.246543778801846,long,2026-08-03,TSLA
2026-08-03 13:15:00+00:00,3.9212537735243025,long,2026-08-03,TSLA
2026-08-03 13:30:00+00:00,-1.6583278265521306,short,2026-08-03,TSLA
2026-08-03 14:15:00+00:00,-0.9707217786127931,short,2026-08-03,TSLA
2026-08-05 15:45:00+00:00,0.08996711546813696,long,2026-08-05,TSLA
2026-08-06 13:00:00+00:00,0.8624460971189185,long,2026-08-06,TSLA
2026-03-12 13:30:00+00:00,-1.1078543395101503,long,2026-03-12,AMD
2026-03-12 14:15:00+00:00,0.3525027696646088,long,2026-03-12,AMD
2026-03-16 14:00:00+00:00,-0.9626589653949358,short,2026-03-16,AMD
2026-03-16 14:45:00+00:00,-0.4089669797031181,short,2026-03-16,AMD
2026-03-17 12:30:00+00:00,-0.13132639660573542,short,2026-03-17,AMD
2026-03-17 13:45:00+00:00,1.4556040756913968,short,2026-03-17,AMD
2026-03-18 08:45:00+00:00,-0.045192066281707355,short,2026-03-18,AMD
2026-03-18 09:45:00+00:00,0.40625940415287554,short,2026-03-18,AMD
2026-03-18 12:30:00+00:00,1.6327363641001957,long,2026-03-18,AMD
2026-03-19 12:00:00+00:00,0.24354355878024592,long,2026-03-19,AMD
2026-03-20 09:45:00+00:00,0.4392892398815462,long,2026-03-20,AMD
2026-03-20 14:15:00+00:00,1.171112556929077,long,2026-03-20,AMD
2026-03-23 11:00:00+00:00,0.05827788839785075,short,2026-03-23,AMD
2026-03-25 08:30:00+00:00,0.17177211565989614,short,2026-03-25,AMD
2026-03-25 11:30:00+00:00,-2.543697598408401,short,2026-03-25,AMD
2026-03-25 12:00:00+00:00,-3.0812060586042467,short,2026-03-25,AMD
2026-03-25 12:30:00+00:00,-3.477150156116937,short,2026-03-25,AMD
2026-03-25 13:30:00+00:00,-0.33721359940872553,short,2026-03-25,AMD
2026-03-26 09:30:00+00:00,0.2823551194223395,long,2026-03-26,AMD
2026-03-26 12:30:00+00:00,-2.570277404714494,long,2026-03-26,AMD
2026-03-26 13:45:00+00:00,-2.74265526217925,long,2026-03-26,AMD
2026-03-27 09:00:00+00:00,-0.8735133001036233,long,2026-03-27,AMD
2026-03-27 10:45:00+00:00,0.19387552197256408,long,2026-03-27,AMD
2026-03-27 13:45:00+00:00,1.311623699683384,long,2026-03-27,AMD
2026-03-27 14:15:00+00:00,1.0686333534015713,long,2026-03-27,AMD
2026-03-30 12:30:00+00:00,3.092383125394438,short,2026-03-30,AMD
2026-03-30 13:30:00+00:00,2.4153652148608096,short,2026-03-30,AMD
2026-03-30 14:30:00+00:00,-0.8716561466786898,long,2026-03-30,AMD
2026-03-31 12:00:00+00:00,-0.5421686746988064,short,2026-03-31,AMD
2026-03-31 13:45:00+00:00,1.3085605833583092,short,2026-03-31,AMD
2026-04-01 11:45:00+00:00,-1.0149598345278843,short,2026-04-01,AMD
2026-04-01 13:30:00+00:00,-1.7663954044997654,short,2026-04-01,AMD
2026-04-02 13:30:00+00:00,6.487451641702213,long,2026-04-02,AMD
2026-04-02 14:00:00+00:00,-2.455753273538308,short,2026-04-02,AMD
2026-04-03 09:45:00+00:00,0.2779450595265631,long,2026-04-03,AMD
2026-04-06 08:00:00+00:00,-0.4191343963553473,short,2026-04-06,AMD
2026-04-06 09:00:00+00:00,0.5185353650215996,short,2026-04-06,AMD
2026-04-06 10:00:00+00:00,0.5988567280646007,short,2026-04-06,AMD
2026-04-06 13:30:00+00:00,2.1292674253200694,short,2026-04-06,AMD
2026-04-08 13:30:00+00:00,0.4351610095735481,long,2026-04-08,AMD
2026-04-09 12:30:00+00:00,-1.2345144243264272,short,2026-04-09,AMD
2026-04-09 14:45:00+00:00,0.31051937555829356,short,2026-04-09,AMD
2026-04-09 15:30:00+00:00,0.5142371440714055,short,2026-04-09,AMD
2026-04-10 12:45:00+00:00,-4.087444509590421,short,2026-04-10,AMD
2026-04-10 13:30:00+00:00,-0.10987669393236477,short,2026-04-10,AMD
2026-04-13 10:45:00+00:00,0.06179960448253752,short,2026-04-13,AMD
2026-04-13 13:15:00+00:00,0.012258908139917146,short,2026-04-13,AMD
2026-04-13 13:45:00+00:00,-0.6852406548766954,short,2026-04-13,AMD
2026-04-13 14:45:00+00:00,-0.699987719513695,short,2026-04-13,AMD
2026-04-14 08:00:00+00:00,-0.2580645161290196,short,2026-04-14,AMD
2026-04-14 15:15:00+00:00,-0.851707394730572,short,2026-04-14,AMD
2026-04-15 14:15:00+00:00,-0.09773260359655644,short,2026-04-15,AMD
2026-04-15 15:15:00+00:00,1.1836162591496557,short,2026-04-15,AMD
2026-04-16 13:15:00+00:00,-3.9869997354597286,short,2026-04-16,AMD
2026-04-16 14:15:00+00:00,-4.053143712574836,short,2026-04-16,AMD
2026-04-17 12:00:00+00:00,2.0667959176208006,long,2026-04-17,AMD
2026-04-20 12:30:00+00:00,0.49551166965888793,short,2026-04-20,AMD
2026-04-21 08:45:00+00:00,-0.455070788789369,short,2026-04-21,AMD
2026-04-21 09:45:00+00:00,-0.06847587126537213,short,2026-04-21,AMD
2026-04-21 11:30:00+00:00,-0.46092906013683876,short,2026-04-21,AMD
2026-04-21 13:30:00+00:00,-1.1936339522546469,short,2026-04-21,AMD
2026-04-21 15:30:00+00:00,-0.25858099252595856,short,2026-04-21,AMD
2026-04-22 12:15:00+00:00,-1.1499366850337145,short,2026-04-22,AMD
2026-04-22 14:15:00+00:00,-0.2977499577059728,short,2026-04-22,AMD
2026-04-23 08:30:00+00:00,0.34352799919956656,long,2026-04-23,AMD
2026-04-23 09:00:00+00:00,0.7226013649136886,long,2026-04-23,AMD
2026-04-23 14:15:00+00:00,-0.8775363737195896,short,2026-04-23,AMD
2026-04-23 14:45:00+00:00,-0.8866866605815815,short,2026-04-23,AMD
2026-04-24 10:00:00+00:00,-1.4315839496272575,short,2026-04-24,AMD
2026-04-24 11:00:00+00:00,1.334421071033165,short,2026-04-24,AMD
2026-04-27 13:30:00+00:00,-0.1555256467773436,long,2026-04-27,AMD
2026-04-29 13:30:00+00:00,2.3341103341103286,long,2026-04-29,AMD
2026-04-30 15:00:00+00:00,-1.0856488112288565,short,2026-04-30,AMD
2026-05-01 08:15:00+00:00,0.19615647032067418,long,2026-05-01,AMD
2026-05-01 13:45:00+00:00,0.34474060371647575,short,2026-05-01,AMD
2026-05-04 08:45:00+00:00,-1.576514609585633,long,2026-05-04,AMD
2026-05-04 09:45:00+00:00,1.0421641057333009,long,2026-05-04,AMD
2026-05-04 10:45:00+00:00,0.11181617420958911,long,2026-05-04,AMD
2026-05-04 13:30:00+00:00,-2.2640970735189225,long,2026-05-04,AMD
2026-05-05 08:00:00+00:00,-0.46064374964012167,short,2026-05-05,AMD
2026-05-05 09:30:00+00:00,0.2431211029117364,short,2026-05-05,AMD
2026-05-05 13:15:00+00:00,0.3372060073675298,short,2026-05-05,AMD
2026-05-05 14:30:00+00:00,-0.36853295535081987,short,2026-05-05,AMD
2026-05-05 15:00:00+00:00,-0.6733625689630873,short,2026-05-05,AMD
2026-05-05 15:30:00+00:00,-0.06443479478919212,short,2026-05-05,AMD
2026-05-07 15:45:00+00:00,0.1815906358126229,long,2026-05-07,AMD
2026-05-08 10:00:00+00:00,0.07706201083684805,short,2026-05-08,AMD
2026-05-08 11:00:00+00:00,-0.15160995331375826,short,2026-05-08,AMD
2026-05-08 12:30:00+00:00,-4.2298751407961355,short,2026-05-08,AMD
2026-05-08 13:15:00+00:00,-4.245102723363581,short,2026-05-08,AMD
2026-05-11 08:00:00+00:00,2.323991797676017,long,2026-05-11,AMD
2026-05-11 11:15:00+00:00,2.262385981249071,short,2026-05-11,AMD
2026-05-12 13:30:00+00:00,4.30759830663815,short,2026-05-12,AMD
2026-05-12 15:00:00+00:00,-1.2953191874815917,long,2026-05-12,AMD
2026-05-13 13:30:00+00:00,0.7011927039884513,long,2026-05-13,AMD
2026-05-14 08:45:00+00:00,-0.5466836040286638,long,2026-05-14,AMD
2026-05-14 10:15:00+00:00,0.2948032359797015,long,2026-05-14,AMD
2026-05-14 13:00:00+00:00,3.916341071018148,long,2026-05-14,AMD
2026-05-15 13:45:00+00:00,1.1397874576666966,long,2026-05-15,AMD
2026-05-18 08:15:00+00:00,1.2194554340237418,short,2026-05-18,AMD
2026-05-19 13:45:00+00:00,0.5390371172590447,long,2026-05-19,AMD
2026-05-20 13:15:00+00:00,-4.154614164411674,short,2026-05-20,AMD
2026-05-21 14:15:00+00:00,1.8539896564462532,long,2026-05-21,AMD
2026-05-22 08:00:00+00:00,0.6707767116745589,short,2026-05-22,AMD
2026-05-22 13:00:00+00:00,-1.9687580686806205,short,2026-05-22,AMD
2026-05-22 14:15:00+00:00,0.021342894950271418,short,2026-05-22,AMD
2026-05-22 15:00:00+00:00,0.48954442826698585,short,2026-05-22,AMD
2026-05-22 15:45:00+00:00,-0.16957415689848876,short,2026-05-22,AMD
2026-05-26 10:00:00+00:00,-0.13486876231973977,short,2026-05-26,AMD
2026-05-26 13:15:00+00:00,-1.1453054834589915,short,2026-05-26,AMD
2026-05-27 13:30:00+00:00,-1.0398998465390608,long,2026-05-27,AMD
2026-05-27 14:00:00+00:00,0.26414485623260653,long,2026-05-27,AMD
2026-05-28 12:45:00+00:00,-2.9060069535159494,short,2026-05-28,AMD
2026-05-28 13:15:00+00:00,-4.976967754856787,short,2026-05-28,AMD
2026-05-28 14:00:00+00:00,-2.29206562296409,short,2026-05-28,AMD
2026-05-29 14:15:00+00:00,-0.2453892145597547,long,2026-05-29,AMD
2026-06-01 08:00:00+00:00,-2.108332176362082,long,2026-06-01,AMD
2026-06-02 13:45:00+00:00,0.5644077558072502,short,2026-06-02,AMD
2026-06-02 15:45:00+00:00,0.5019692640358397,short,2026-06-02,AMD
2026-06-03 09:00:00+00:00,-3.3322468700270225,short,2026-06-03,AMD
2026-06-04 08:15:00+00:00,-1.047199878585514,long,2026-06-04,AMD
2026-06-04 13:30:00+00:00,3.4779519166239004,long,2026-06-04,AMD
2026-06-05 11:45:00+00:00,-4.169541646131092,long,2026-06-05,AMD
2026-06-05 12:45:00+00:00,-2.469379691821416,long,2026-06-05,AMD
2026-06-05 13:15:00+00:00,-2.7697899193226294,long,2026-06-05,AMD
2026-06-05 15:00:00+00:00,-2.613265452753888,long,2026-06-05,AMD
2026-06-08 13:00:00+00:00,-0.9178250204415317,short,2026-06-08,AMD
2026-06-08 14:15:00+00:00,-0.21337272522106154,short,2026-06-08,AMD
2026-06-09 13:30:00+00:00,-4.113084302918956,long,2026-06-09,AMD
2026-06-09 14:30:00+00:00,-7.678385687539002,long,2026-06-09,AMD
2026-06-09 15:15:00+00:00,-1.676241104347076,long,2026-06-09,AMD
2026-06-10 09:00:00+00:00,0.6648296374054175,long,2026-06-10,AMD
2026-06-11 08:00:00+00:00,0.06886755907545838,short,2026-06-11,AMD
2026-06-11 10:00:00+00:00,-0.027996726536594352,short,2026-06-11,AMD
2026-06-11 13:45:00+00:00,2.198952879581151,short,2026-06-11,AMD
2026-06-11 14:15:00+00:00,1.6334627722437878,short,2026-06-11,AMD
2026-06-12 14:00:00+00:00,0.8549488384688164,short,2026-06-12,AMD
2026-06-15 13:30:00+00:00,0.9023834496726835,short,2026-06-15,AMD
2026-06-16 11:00:00+00:00,2.403170599891913,short,2026-06-16,AMD
2026-06-16 12:30:00+00:00,-2.135395518806993,long,2026-06-16,AMD
2026-06-16 14:15:00+00:00,-0.9342436219906491,long,2026-06-16,AMD
2026-06-16 15:15:00+00:00,-0.08807873472983507,long,2026-06-16,AMD
2026-06-17 08:45:00+00:00,0.5152376772322054,short,2026-06-17,AMD
2026-06-17 13:45:00+00:00,3.069038642789823,long,2026-06-17,AMD
2026-06-18 11:45:00+00:00,0.06580184245159604,short,2026-06-18,AMD
2026-06-18 14:45:00+00:00,-0.1440652596916614,short,2026-06-18,AMD
2026-06-19 13:30:00+00:00,0.49667950220437795,short,2026-06-19,AMD
2026-06-19 14:30:00+00:00,0.3156096836476885,short,2026-06-19,AMD
2026-06-22 13:00:00+00:00,-0.3169891527411428,short,2026-06-22,AMD
2026-06-22 13:45:00+00:00,3.683570560045779,short,2026-06-22,AMD
2026-06-23 09:30:00+00:00,-0.16754612332935404,long,2026-06-23,AMD
2026-06-23 11:15:00+00:00,-1.5229996134518697,long,2026-06-23,AMD
2026-06-23 12:15:00+00:00,1.7641001729128858,long,2026-06-23,AMD
2026-06-24 13:30:00+00:00,1.5356661391477733,long,2026-06-24,AMD
2026-06-25 12:30:00+00:00,4.98066029953621,short,2026-06-25,AMD
2026-06-25 13:30:00+00:00,-2.343691360804623,long,2026-06-25,AMD
2026-06-26 12:45:00+00:00,1.4911316904724359,long,2026-06-26,AMD
2026-06-26 14:00:00+00:00,0.7393115042219067,short,2026-06-26,AMD
2026-06-29 13:45:00+00:00,2.001400396779074,long,2026-06-29,AMD
2026-06-30 13:30:00+00:00,-3.5381110789702186,short,2026-06-30,AMD
2026-06-30 15:00:00+00:00,-2.6056387789711755,short,2026-06-30,AMD
2026-07-01 08:30:00+00:00,0.4994411846884539,long,2026-07-01,AMD
2026-07-01 09:00:00+00:00,0.7550731477111938,long,2026-07-01,AMD
2026-07-01 12:30:00+00:00,-2.6784452296819694,long,2026-07-01,AMD
2026-07-01 14:00:00+00:00,-1.1149412905310796,long,2026-07-01,AMD
2026-07-06 11:15:00+00:00,0.6038535144274548,short,2026-07-06,AMD
2026-07-06 12:00:00+00:00,-5.317060523001693,short,2026-07-06,AMD
2026-07-06 12:45:00+00:00,-5.101775981609902,short,2026-07-06,AMD
2026-07-06 13:30:00+00:00,-2.42748257053067,short,2026-07-06,AMD
2026-07-06 15:15:00+00:00,2.239749850683348,short,2026-07-06,AMD
2026-07-07 08:00:00+00:00,-0.9757462686567187,long,2026-07-07,AMD
2026-07-07 10:30:00+00:00,0.0282794766411687,long,2026-07-07,AMD
2026-07-07 11:00:00+00:00,0.30738288142990733,long,2026-07-07,AMD
2026-07-07 13:15:00+00:00,-1.071338786718501,long,2026-07-07,AMD
2026-07-08 08:15:00+00:00,0.17551471168257837,long,2026-07-08,AMD
2026-07-08 09:00:00+00:00,0.3938730853391803,long,2026-07-08,AMD
2026-07-09 11:30:00+00:00,-2.905867833501641,short,2026-07-09,AMD
2026-07-10 08:15:00+00:00,1.3152028533214288,long,2026-07-10,AMD
2026-07-13 13:30:00+00:00,3.2749112336632136,long,2026-07-13,AMD
2026-07-14 08:15:00+00:00,0.3975200583515637,short,2026-07-14,AMD
2026-07-14 11:15:00+00:00,-3.0000000000000027,short,2026-07-14,AMD
2026-07-14 15:00:00+00:00,1.259383115728041,short,2026-07-14,AMD
2026-07-15 13:45:00+00:00,-5.275363377401209,long,2026-07-15,AMD
2026-07-16 08:30:00+00:00,0.04284239839535964,long,2026-07-16,AMD
2026-07-17 13:30:00+00:00,6.1573693989543266,long,2026-07-17,AMD
2026-07-20 10:30:00+00:00,-0.7206501517673658,short,2026-07-20,AMD
2026-07-20 11:00:00+00:00,-0.7335772104607896,short,2026-07-20,AMD
2026-07-20 13:30:00+00:00,1.220026855937062,short,2026-07-20,AMD
2026-07-21 08:15:00+00:00,0.1995249406175681,short,2026-07-21,AMD
2026-07-21 15:00:00+00:00,-0.9628482394432147,short,2026-07-21,AMD
2026-07-22 12:15:00+00:00,4.153578321916496,long,2026-07-22,AMD
2026-07-22 13:15:00+00:00,5.066095981212837,long,2026-07-22,AMD
2026-07-22 13:30:00+00:00,-1.516703867686342,short,2026-07-22,AMD
2026-07-23 12:30:00+00:00,0.40557900532207647,long,2026-07-23,AMD
2026-07-23 15:00:00+00:00,-1.2516895957931595,long,2026-07-23,AMD
2026-07-24 13:30:00+00:00,-0.5544005544005359,long,2026-07-24,AMD
2026-07-24 14:30:00+00:00,2.1688450661163206,long,2026-07-24,AMD
2026-07-27 13:15:00+00:00,-8.904161460108295,long,2026-07-27,AMD
2026-07-27 15:00:00+00:00,-0.002077792553190072,long,2026-07-27,AMD
2026-07-28 08:00:00+00:00,0.23795485175202025,long,2026-07-28,AMD
2026-07-28 11:00:00+00:00,1.1733639983815713,long,2026-07-28,AMD
2026-07-28 13:15:00+00:00,-2.302786457218675,long,2026-07-28,AMD
2026-07-29 13:45:00+00:00,-2.7574487368301814,long,2026-07-29,AMD
2026-07-30 10:30:00+00:00,-3.4490603813077225,short,2026-07-30,AMD
2026-07-30 12:30:00+00:00,-8.517703980646573,short,2026-07-30,AMD
2026-07-30 13:15:00+00:00,-4.918032786885251,short,2026-07-30,AMD
2026-07-31 13:15:00+00:00,4.7430830039525755,short,2026-07-31,AMD
2026-07-31 13:45:00+00:00,-1.5809639040128998,long,2026-07-31,AMD
2026-08-03 09:00:00+00:00,-1.943853501856252,long,2026-08-03,AMD
2026-08-03 11:00:00+00:00,-1.2102777895945938,long,2026-08-03,AMD
2026-08-04 08:00:00+00:00,0.10160981829773208,short,2026-08-04,AMD
2026-08-04 10:30:00+00:00,-0.16832349796029877,short,2026-08-04,AMD
2026-08-04 13:30:00+00:00,-1.6878378114694836,short,2026-08-04,AMD
2026-08-05 13:30:00+00:00,1.5587044534412953,short,2026-08-05,AMD
2026-08-06 08:00:00+00:00,0.7168761069410445,long,2026-08-06,AMD
2026-08-06 13:00:00+00:00,4.328099940913299,long,2026-08-06,AMD
2026-08-06 13:45:00+00:00,-1.5690333264334555,short,2026-08-06,AMD
2026-08-06 14:45:00+00:00,-0.7110786046606199,short,2026-08-06,AMD
2026-03-05 11:30:00+00:00,0.049316149395062236,short,2026-03-05,GOOGL
2026-03-05 14:30:00+00:00,0.1169825194692331,long,2026-03-05,GOOGL
2026-03-06 09:30:00+00:00,0.0836372152152931,long,2026-03-06,GOOGL
2026-03-06 13:45:00+00:00,1.5308023165238716,long,2026-03-06,GOOGL
2026-03-09 13:30:00+00:00,-1.3215263460303328,short,2026-03-09,GOOGL
2026-03-10 08:00:00+00:00,0.2695592868045993,short,2026-03-10,GOOGL
2026-03-11 13:45:00+00:00,-0.11323196376575861,short,2026-03-11,GOOGL
2026-03-12 14:30:00+00:00,0.2707432231650486,long,2026-03-12,GOOGL
2026-03-16 13:45:00+00:00,0.5788664682604527,short,2026-03-16,GOOGL
2026-03-17 13:00:00+00:00,-0.08485639686686142,short,2026-03-17,GOOGL
2026-03-17 13:45:00+00:00,-0.42359074617139836,short,2026-03-17,GOOGL
2026-03-17 14:15:00+00:00,-0.2696556205328049,short,2026-03-17,GOOGL
2026-03-18 08:15:00+00:00,0.07348947183436483,short,2026-03-18,GOOGL
2026-03-18 08:45:00+00:00,0.07986199846664599,short,2026-03-18,GOOGL
2026-03-18 12:00:00+00:00,-0.1609891171356792,long,2026-03-18,GOOGL
2026-03-18 12:30:00+00:00,0.19675515272716826,long,2026-03-18,GOOGL
2026-03-19 12:30:00+00:00,-0.24242424242424399,long,2026-03-19,GOOGL
2026-03-20 09:15:00+00:00,-0.05888703503779125,long,2026-03-20,GOOGL
2026-03-20 13:45:00+00:00,0.01984586379122355,long,2026-03-20,GOOGL
2026-03-23 11:00:00+00:00,0.7300221613870228,short,2026-03-23,GOOGL
2026-03-24 13:30:00+00:00,-0.9059186686350973,long,2026-03-24,GOOGL
2026-03-24 14:00:00+00:00,-1.0109179134654256,long,2026-03-24,GOOGL
2026-03-25 08:15:00+00:00,0.31179042261159085,short,2026-03-25,GOOGL
2026-03-25 13:45:00+00:00,-0.5369724331349635,long,2026-03-25,GOOGL
2026-03-26 08:15:00+00:00,-0.18307426597581333,long,2026-03-26,GOOGL
2026-03-26 11:45:00+00:00,-0.4239202196045788,long,2026-03-26,GOOGL
2026-03-26 13:15:00+00:00,-0.3659046557011325,long,2026-03-26,GOOGL
2026-03-26 15:00:00+00:00,-0.9041086326666115,long,2026-03-26,GOOGL
2026-03-27 08:30:00+00:00,-0.36004562954512487,long,2026-03-27,GOOGL
2026-03-31 11:15:00+00:00,-0.23377090451357496,short,2026-03-31,GOOGL
2026-03-31 12:15:00+00:00,-1.5750296666547037,short,2026-03-31,GOOGL
2026-03-31 13:15:00+00:00,-1.1589522784356099,short,2026-03-31,GOOGL
2026-03-31 13:45:00+00:00,-0.47447468873746956,short,2026-03-31,GOOGL
2026-04-01 13:30:00+00:00,-1.147902869757167,short,2026-04-01,GOOGL
2026-04-01 14:45:00+00:00,-0.9501027593409983,short,2026-04-01,GOOGL
2026-04-02 13:45:00+00:00,-0.5036069143868227,short,2026-04-02,GOOGL
2026-04-02 14:30:00+00:00,0.46392792308209696,short,2026-04-02,GOOGL
2026-04-03 13:00:00+00:00,-0.02373122690444429,long,2026-04-03,GOOGL
2026-04-03 14:00:00+00:00,0.03391440005424684,long,2026-04-03,GOOGL
2026-04-03 14:30:00+00:00,0.14586654906882934,long,2026-04-03,GOOGL
2026-04-03 15:30:00+00:00,-0.03731343283582822,long,2026-04-03,GOOGL
2026-04-07 08:15:00+00:00,-0.6003715005970633,short,2026-04-07,GOOGL
2026-04-08 13:15:00+00:00,1.1999376655758232,short,2026-04-08,GOOGL
2026-04-09 13:30:00+00:00,0.8278145695364225,long,2026-04-09,GOOGL
2026-04-13 11:00:00+00:00,-0.36528810113716226,short,2026-04-13,GOOGL
2026-04-13 13:00:00+00:00,-0.8703357913725895,short,2026-04-13,GOOGL
2026-04-14 08:00:00+00:00,-0.6029871053526703,short,2026-04-14,GOOGL
2026-04-14 09:00:00+00:00,-0.12035551166522662,short,2026-04-14,GOOGL
2026-04-14 13:00:00+00:00,-1.034630971386452,short,2026-04-14,GOOGL
2026-04-14 13:30:00+00:00,-1.9494850416871046,short,2026-04-14,GOOGL
2026-04-15 14:15:00+00:00,-0.05966587112171684,short,2026-04-15,GOOGL
2026-04-17 09:00:00+00:00,0.29929473122740635,short,2026-04-17,GOOGL
2026-04-17 12:45:00+00:00,0.33956358697257993,short,2026-04-17,GOOGL
2026-04-20 13:00:00+00:00,0.8989952406134316,short,2026-04-20,GOOGL
2026-04-21 13:00:00+00:00,-0.1300889926972748,long,2026-04-21,GOOGL
2026-04-21 14:30:00+00:00,-0.9156640787056136,long,2026-04-21,GOOGL
2026-04-21 15:30:00+00:00,-0.9222192568869914,long,2026-04-21,GOOGL
2026-04-22 12:00:00+00:00,0.21257750221433946,short,2026-04-22,GOOGL
2026-04-23 12:00:00+00:00,-0.188457008244991,short,2026-04-23,GOOGL
2026-04-23 13:15:00+00:00,0.038039502560349714,short,2026-04-23,GOOGL
2026-04-23 14:45:00+00:00,0.1524390243902385,short,2026-04-23,GOOGL
2026-04-24 11:00:00+00:00,0.11138795251355305,short,2026-04-24,GOOGL
2026-04-24 14:30:00+00:00,1.9229059879707355,long,2026-04-24,GOOGL
2026-04-24 15:45:00+00:00,0.002909514111137934,short,2026-04-24,GOOGL
2026-04-27 10:45:00+00:00,0.32277587250353346,short,2026-04-27,GOOGL
2026-04-27 13:45:00+00:00,-0.6874624043997635,short,2026-04-27,GOOGL
2026-04-28 11:45:00+00:00,0.2153254284976036,long,2026-04-28,GOOGL
2026-04-29 14:15:00+00:00,1.1242302694762896,short,2026-04-29,GOOGL
2026-04-30 11:15:00+00:00,0.9386071598540546,short,2026-04-30,GOOGL
2026-05-01 13:15:00+00:00,0.9624437702688615,long,2026-05-01,GOOGL
2026-05-04 10:00:00+00:00,0.6614785992217875,long,2026-05-04,GOOGL
2026-05-04 13:30:00+00:00,-0.03654207558988487,long,2026-05-04,GOOGL
2026-05-04 15:00:00+00:00,0.6337733081919206,long,2026-05-04,GOOGL
2026-05-05 08:00:00+00:00,0.11680726800777919,short,2026-05-05,GOOGL
2026-05-05 08:45:00+00:00,-0.08047558474597594,short,2026-05-05,GOOGL
2026-05-05 10:30:00+00:00,0.015568240788788046,short,2026-05-05,GOOGL
2026-05-05 11:30:00+00:00,-1.8912958879232056,short,2026-05-05,GOOGL
2026-05-05 13:15:00+00:00,-0.7036059806508455,short,2026-05-05,GOOGL
2026-05-06 08:45:00+00:00,-0.43667020041395777,short,2026-05-06,GOOGL
2026-05-06 09:30:00+00:00,0.35842293906810374,short,2026-05-06,GOOGL
2026-05-07 08:30:00+00:00,-0.7807628027638458,short,2026-05-07,GOOGL
2026-05-07 13:30:00+00:00,-0.3068024644788059,long,2026-05-07,GOOGL
2026-05-11 12:00:00+00:00,-0.4006652555185952,long,2026-05-11,GOOGL
2026-05-11 13:15:00+00:00,0.017757933991213726,long,2026-05-11,GOOGL
2026-05-11 14:00:00+00:00,-0.19228336495888954,long,2026-05-11,GOOGL
2026-05-11 15:00:00+00:00,-0.1116354594814073,long,2026-05-11,GOOGL
2026-05-12 08:45:00+00:00,-0.04399699785190281,long,2026-05-12,GOOGL
2026-05-12 11:00:00+00:00,1.0685755783794937,long,2026-05-12,GOOGL
2026-05-12 12:45:00+00:00,0.45482577860007645,short,2026-05-12,GOOGL
2026-05-13 12:30:00+00:00,1.988445865786348,long,2026-05-13,GOOGL
2026-05-13 13:15:00+00:00,3.2196233843603483,long,2026-05-13,GOOGL
2026-05-13 13:45:00+00:00,-1.6698582918422078,short,2026-05-13,GOOGL
2026-05-14 09:45:00+00:00,-0.04473272198612932,long,2026-05-14,GOOGL
2026-05-14 11:15:00+00:00,-1.0144711323288091,long,2026-05-14,GOOGL
2026-05-14 11:45:00+00:00,-1.0342855722135114,long,2026-05-14,GOOGL
2026-05-14 12:45:00+00:00,-0.8220201768588842,long,2026-05-14,GOOGL
2026-05-15 08:15:00+00:00,0.4244719518084583,long,2026-05-15,GOOGL
2026-05-18 13:30:00+00:00,-0.40613943289979915,short,2026-05-18,GOOGL
2026-05-19 13:15:00+00:00,-2.4361394236818934,long,2026-05-19,GOOGL
2026-05-19 15:15:00+00:00,1.1968942657414772,long,2026-05-19,GOOGL
2026-05-20 08:30:00+00:00,0.3580379520229049,short,2026-05-20,GOOGL
2026-05-20 14:00:00+00:00,0.4810067340942581,long,2026-05-20,GOOGL
2026-05-21 13:15:00+00:00,0.817551485046053,long,2026-05-21,GOOGL
2026-05-21 13:45:00+00:00,0.9319181982914815,long,2026-05-21,GOOGL
2026-05-22 08:15:00+00:00,0.561984315528663,short,2026-05-22,GOOGL
2026-05-22 11:00:00+00:00,0.1829048379617726,long,2026-05-22,GOOGL
2026-05-22 13:30:00+00:00,0.4116504854368763,long,2026-05-22,GOOGL
2026-05-25 09:45:00+00:00,-0.00513228463649984,short,2026-05-25,GOOGL
2026-05-25 10:45:00+00:00,0.07186120521506245,short,2026-05-25,GOOGL
2026-05-25 11:15:00+00:00,0.13855390773336307,short,2026-05-25,GOOGL
2026-05-26 11:00:00+00:00,-0.10902294673450497,long,2026-05-26,GOOGL
2026-05-27 08:15:00+00:00,0.19762845849802257,short,2026-05-27,GOOGL
2026-05-27 13:45:00+00:00,-0.22749929705274674,short,2026-05-27,GOOGL
2026-05-28 14:00:00+00:00,-0.04349383410939822,short,2026-05-28,GOOGL
2026-05-28 15:00:00+00:00,0.23537237444675174,short,2026-05-28,GOOGL
2026-05-28 15:45:00+00:00,0.18140937196585716,short,2026-05-28,GOOGL
2026-05-29 10:30:00+00:00,-0.5565289085849856,long,2026-05-29,GOOGL
2026-05-29 11:15:00+00:00,-0.5361792075889937,long,2026-05-29,GOOGL
2026-05-29 13:15:00+00:00,-0.44058571983932593,long,2026-05-29,GOOGL
2026-05-29 14:00:00+00:00,0.031276063386154185,long,2026-05-29,GOOGL
2026-06-01 08:15:00+00:00,0.12159983081763137,long,2026-06-01,GOOGL
2026-06-01 10:30:00+00:00,0.06348198698620244,long,2026-06-01,GOOGL
2026-06-01 11:00:00+00:00,-0.2595132801949007,long,2026-06-01,GOOGL
2026-06-01 12:00:00+00:00,-0.6401100354441192,long,2026-06-01,GOOGL
2026-06-01 13:00:00+00:00,0.05309969467677256,long,2026-06-01,GOOGL
2026-06-01 15:30:00+00:00,0.6964936066140348,long,2026-06-01,GOOGL
2026-06-02 08:15:00+00:00,0.14391224068643904,long,2026-06-02,GOOGL
2026-06-02 09:45:00+00:00,-0.13322820087550147,long,2026-06-02,GOOGL
2026-06-02 11:15:00+00:00,0.3136249590923956,long,2026-06-02,GOOGL
2026-06-02 12:30:00+00:00,1.6822073177381602,long,2026-06-02,GOOGL
2026-06-02 13:30:00+00:00,1.9681660899653952,long,2026-06-02,GOOGL
2026-06-02 14:30:00+00:00,1.3487062608928735,short,2026-06-02,GOOGL
2026-06-03 11:00:00+00:00,-0.2709877225970492,long,2026-06-03,GOOGL
2026-06-03 12:30:00+00:00,1.2057586811840437,long,2026-06-03,GOOGL
2026-06-04 09:00:00+00:00,0.4686939979598015,short,2026-06-04,GOOGL
2026-06-04 13:45:00+00:00,-0.9436020508345022,short,2026-06-04,GOOGL
2026-06-04 15:15:00+00:00,-0.5681053283433268,short,2026-06-04,GOOGL
2026-06-05 13:15:00+00:00,0.908173562058523,long,2026-06-05,GOOGL
2026-06-08 09:15:00+00:00,1.1085679618343613,long,2026-06-08,GOOGL
2026-06-09 09:15:00+00:00,-0.17786777583186364,short,2026-06-09,GOOGL
2026-06-09 09:45:00+00:00,-0.27083219346719645,short,2026-06-09,GOOGL
2026-06-09 12:45:00+00:00,0.35474540195381543,short,2026-06-09,GOOGL
2026-06-09 13:15:00+00:00,1.7583015786608591,short,2026-06-09,GOOGL
2026-06-09 15:15:00+00:00,0.7203413309691431,long,2026-06-09,GOOGL
2026-06-10 11:30:00+00:00,1.933939950468866,long,2026-06-10,GOOGL
2026-06-10 13:30:00+00:00,1.0318846909805557,short,2026-06-10,GOOGL
2026-06-11 13:30:00+00:00,-0.20921701249571045,long,2026-06-11,GOOGL
2026-06-15 13:15:00+00:00,-1.1944836572917783,short,2026-06-15,GOOGL
2026-06-15 13:45:00+00:00,-0.8711414116819638,short,2026-06-15,GOOGL
2026-06-15 14:45:00+00:00,-0.16443821436273875,short,2026-06-15,GOOGL
2026-06-15 15:15:00+00:00,0.18242300676037937,short,2026-06-15,GOOGL
2026-06-16 08:30:00+00:00,0.260565100561827,long,2026-06-16,GOOGL
2026-06-16 13:00:00+00:00,1.794050591683849,long,2026-06-16,GOOGL
2026-06-16 14:15:00+00:00,-0.5473763684409105,short,2026-06-16,GOOGL
2026-06-17 13:15:00+00:00,-1.2236389723598307,long,2026-06-17,GOOGL
2026-06-18 11:00:00+00:00,0.5721201452304925,long,2026-06-18,GOOGL
2026-06-18 13:15:00+00:00,0.6948039562954755,short,2026-06-18,GOOGL
2026-06-18 13:30:00+00:00,1.5740817856250588,long,2026-06-18,GOOGL
2026-06-22 13:15:00+00:00,-3.8515171798304326,long,2026-06-22,GOOGL
2026-06-24 13:45:00+00:00,0.1253596968574633,short,2026-06-24,GOOGL
2026-06-25 13:00:00+00:00,0.13532197805430357,long,2026-06-25,GOOGL
2026-06-29 13:30:00+00:00,-1.697406340057639,short,2026-06-29,GOOGL
2026-06-30 11:00:00+00:00,-0.002812860397738426,short,2026-06-30,GOOGL
2026-06-30 13:30:00+00:00,1.3431394820536013,long,2026-06-30,GOOGL
2026-06-30 15:15:00+00:00,0.07279242958732057,short,2026-06-30,GOOGL
2026-06-30 15:45:00+00:00,0.2207628894788427,short,2026-06-30,GOOGL
2026-07-01 12:45:00+00:00,-0.005532656505025102,short,2026-07-01,GOOGL
2026-07-01 14:30:00+00:00,1.0428449250972527,short,2026-07-01,GOOGL
2026-07-02 08:00:00+00:00,0.13986013986013734,long,2026-07-02,GOOGL
2026-07-02 08:45:00+00:00,0.658835403291369,long,2026-07-02,GOOGL
2026-07-02 13:45:00+00:00,1.9202729098462212,short,2026-07-02,GOOGL
2026-07-03 09:30:00+00:00,-0.11348852658676911,short,2026-07-03,GOOGL
2026-07-03 10:00:00+00:00,-0.041524790299796166,short,2026-07-03,GOOGL
2026-07-06 13:45:00+00:00,1.5969624211290334,long,2026-07-06,GOOGL
2026-07-07 08:15:00+00:00,0.07854183029548656,short,2026-07-07,GOOGL
2026-07-07 13:30:00+00:00,0.7312417668091542,short,2026-07-07,GOOGL
2026-07-07 14:00:00+00:00,0.9507184100980282,short,2026-07-07,GOOGL
2026-07-08 08:00:00+00:00,1.8903182125931006,short,2026-07-08,GOOGL
2026-07-08 08:15:00+00:00,-0.8422434302277848,long,2026-07-08,GOOGL
2026-07-09 11:15:00+00:00,-1.1637295024917171,long,2026-07-09,GOOGL
2026-07-09 12:00:00+00:00,-1.065078832606503,long,2026-07-09,GOOGL
2026-07-09 12:45:00+00:00,-0.889958580544048,long,2026-07-09,GOOGL
2026-07-09 14:00:00+00:00,0.07629058235143482,long,2026-07-09,GOOGL
2026-07-09 15:30:00+00:00,0.6387248113500776,long,2026-07-09,GOOGL
2026-07-10 10:15:00+00:00,1.077144597662949,short,2026-07-10,GOOGL
2026-07-10 14:45:00+00:00,0.5906958340399227,long,2026-07-10,GOOGL
2026-07-13 08:00:00+00:00,0.09203737275135238,short,2026-07-13,GOOGL
2026-07-14 08:30:00+00:00,0.02561475409834646,long,2026-07-14,GOOGL
2026-07-14 13:30:00+00:00,-0.6769334912844815,short,2026-07-14,GOOGL
2026-07-15 13:30:00+00:00,-1.9641730447425454,short,2026-07-15,GOOGL
2026-07-15 15:00:00+00:00,-0.5189048944623131,short,2026-07-15,GOOGL
2026-07-16 08:00:00+00:00,-0.5934797072521647,short,2026-07-16,GOOGL
2026-07-17 08:15:00+00:00,0.3356860044757992,long,2026-07-17,GOOGL
2026-07-17 12:30:00+00:00,0.3291848343969228,long,2026-07-17,GOOGL
2026-07-17 13:30:00+00:00,1.866565402815934,long,2026-07-17,GOOGL
2026-07-20 13:00:00+00:00,-1.7576344576116565,short,2026-07-20,GOOGL
2026-07-22 13:30:00+00:00,0.24763879290485846,long,2026-07-22,GOOGL
2026-07-23 09:45:00+00:00,-0.809963155811344,long,2026-07-23,GOOGL
2026-07-23 11:15:00+00:00,-1.272069641981377,long,2026-07-23,GOOGL
2026-07-23 12:30:00+00:00,-1.5431528368139102,long,2026-07-23,GOOGL
2026-07-23 13:00:00+00:00,-2.3888991903084134,long,2026-07-23,GOOGL
2026-07-24 13:45:00+00:00,0.8045550191855488,short,2026-07-24,GOOGL
2026-07-27 08:00:00+00:00,-0.13829133374310132,short,2026-07-27,GOOGL
2026-07-27 08:45:00+00:00,0.20591308623763016,short,2026-07-27,GOOGL
2026-07-27 09:45:00+00:00,0.4787185073802491,short,2026-07-27,GOOGL
2026-07-27 13:30:00+00:00,0.32521807847785134,short,2026-07-27,GOOGL
2026-07-27 15:00:00+00:00,0.7761809471833137,short,2026-07-27,GOOGL
2026-07-28 15:00:00+00:00,-1.1426844014510218,short,2026-07-28,GOOGL
2026-07-29 14:00:00+00:00,0.7498419008040491,long,2026-07-29,GOOGL
2026-07-30 13:30:00+00:00,0.2673234613882691,long,2026-07-30,GOOGL
2026-07-31 14:00:00+00:00,-1.924186475882772,short,2026-07-31,GOOGL
2026-08-03 13:15:00+00:00,-1.950659781985098,short,2026-08-03,GOOGL
2026-08-03 15:15:00+00:00,-0.5091513251333168,short,2026-08-03,GOOGL
2026-08-04 08:00:00+00:00,0.1325434823771232,long,2026-08-04,GOOGL
2026-08-04 13:45:00+00:00,0.013293983143236598,short,2026-08-04,GOOGL
2026-08-05 08:30:00+00:00,-0.34323743646176297,short,2026-08-05,GOOGL
2026-08-05 12:00:00+00:00,1.1437951069539598,short,2026-08-05,GOOGL
2026-08-05 15:45:00+00:00,-3.443050090396682,long,2026-08-05,GOOGL
2026-08-06 08:00:00+00:00,0.5749475462546672,short,2026-08-06,GOOGL
2026-08-06 11:45:00+00:00,0.5611144894687392,long,2026-08-06,GOOGL
2026-08-06 12:45:00+00:00,0.4238814240199451,long,2026-08-06,GOOGL
2026-03-05 08:30:00+00:00,0.5379676227780905,long,2026-03-05,MSFT
2026-03-05 14:30:00+00:00,0.053860843167008454,short,2026-03-05,MSFT
2026-03-06 09:30:00+00:00,0.14171573777703728,long,2026-03-06,MSFT
2026-03-06 13:30:00+00:00,1.0312062658056842,long,2026-03-06,MSFT
2026-03-09 14:45:00+00:00,0.0979503881284094,short,2026-03-09,MSFT
2026-03-10 13:30:00+00:00,0.20207994479768399,long,2026-03-10,MSFT
2026-03-11 13:30:00+00:00,1.1955802729255005,short,2026-03-11,MSFT
2026-03-11 15:00:00+00:00,0.47004401999553025,long,2026-03-11,MSFT
2026-03-12 14:45:00+00:00,0.024664561957388198,short,2026-03-12,MSFT
2026-03-13 14:45:00+00:00,-0.9712626414338676,long,2026-03-13,MSFT
2026-03-17 08:30:00+00:00,0.4024043660873611,long,2026-03-17,MSFT
2026-03-17 13:00:00+00:00,0.44410069609042147,short,2026-03-17,MSFT
2026-03-17 13:30:00+00:00,0.794774358592254,short,2026-03-17,MSFT
2026-03-18 12:30:00+00:00,-0.7907221929362107,long,2026-03-18,MSFT
2026-03-18 14:15:00+00:00,-0.26819147859528103,long,2026-03-18,MSFT
2026-03-19 13:15:00+00:00,-0.12302014454868004,long,2026-03-19,MSFT
2026-03-19 14:00:00+00:00,-0.020531245989985347,long,2026-03-19,MSFT
2026-03-20 10:00:00+00:00,0.1990435569342086,long,2026-03-20,MSFT
2026-03-20 13:30:00+00:00,-0.15839630235517932,long,2026-03-20,MSFT
2026-03-20 15:15:00+00:00,0.22954326107937906,long,2026-03-20,MSFT
2026-03-23 11:00:00+00:00,0.9470037212883309,short,2026-03-23,MSFT
2026-03-23 11:30:00+00:00,0.7978586503320173,short,2026-03-23,MSFT
2026-03-24 13:30:00+00:00,-0.49147229158919004,long,2026-03-24,MSFT
2026-03-25 15:00:00+00:00,0.0,long,2026-03-25,MSFT
2026-03-26 08:00:00+00:00,-0.10000000000000009,long,2026-03-26,MSFT
2026-03-26 08:45:00+00:00,0.2897294955457541,long,2026-03-26,MSFT
2026-03-26 13:30:00+00:00,0.9204100252240721,short,2026-03-26,MSFT
2026-03-27 08:15:00+00:00,-0.14463486518938584,long,2026-03-27,MSFT
2026-03-27 12:00:00+00:00,-1.370918901062601,long,2026-03-27,MSFT
2026-03-27 13:00:00+00:00,-0.29273681303507715,long,2026-03-27,MSFT
2026-03-27 13:30:00+00:00,0.036081043574798244,long,2026-03-27,MSFT
2026-03-30 13:15:00+00:00,-0.1541595551395769,short,2026-03-30,MSFT
2026-03-30 14:15:00+00:00,0.04679843638165648,short,2026-03-30,MSFT
2026-03-30 15:30:00+00:00,1.271929824561402,short,2026-03-30,MSFT
2026-03-31 11:45:00+00:00,-0.5329324952172865,short,2026-03-31,MSFT
2026-03-31 13:30:00+00:00,0.5772948833156377,short,2026-03-31,MSFT
2026-04-01 13:30:00+00:00,0.6212522284047228,long,2026-04-01,MSFT
2026-04-02 14:30:00+00:00,-0.44027875317378395,short,2026-04-02,MSFT
2026-04-06 13:30:00+00:00,0.16133369185264979,long,2026-04-06,MSFT
2026-04-07 09:15:00+00:00,0.6242663536442095,short,2026-04-07,MSFT
2026-04-08 13:30:00+00:00,-0.1766085879220891,long,2026-04-08,MSFT
2026-04-09 13:00:00+00:00,-1.143270234812177,long,2026-04-09,MSFT
2026-04-10 11:45:00+00:00,0.0,long,2026-04-10,MSFT
2026-04-10 13:45:00+00:00,-0.6524762006631768,long,2026-04-10,MSFT
2026-04-10 14:15:00+00:00,-0.1792354404644092,long,2026-04-10,MSFT
2026-04-10 14:45:00+00:00,-0.3560528992879064,long,2026-04-10,MSFT
2026-04-10 15:15:00+00:00,-0.41228281530264477,long,2026-04-10,MSFT
2026-04-13 10:45:00+00:00,0.016181229773459815,short,2026-04-13,MSFT
2026-04-13 13:00:00+00:00,-1.3766372627639578,short,2026-04-13,MSFT
2026-04-13 13:45:00+00:00,-1.500773044729975,short,2026-04-13,MSFT
2026-04-14 13:00:00+00:00,0.3308729956731926,short,2026-04-14,MSFT
2026-04-14 13:30:00+00:00,-0.03047077344979776,short,2026-04-14,MSFT
2026-04-14 14:15:00+00:00,-0.45965919191406357,short,2026-04-14,MSFT
2026-04-14 15:30:00+00:00,-0.4315377976341628,short,2026-04-14,MSFT
2026-04-15 13:15:00+00:00,-2.5371565830956344,short,2026-04-15,MSFT
2026-04-16 13:45:00+00:00,1.4432243272595624,long,2026-04-16,MSFT
2026-04-17 08:15:00+00:00,-0.13420922511830913,short,2026-04-17,MSFT
2026-04-17 13:00:00+00:00,-0.30072734054458206,short,2026-04-17,MSFT
2026-04-17 14:45:00+00:00,0.7083797844667394,short,2026-04-17,MSFT
2026-04-20 13:00:00+00:00,0.9972758498164147,short,2026-04-20,MSFT
2026-04-21 08:30:00+00:00,0.20908075744255905,short,2026-04-21,MSFT
2026-04-21 13:30:00+00:00,-0.9562906364197099,short,2026-04-21,MSFT
2026-04-22 09:00:00+00:00,0.32385834109971423,short,2026-04-22,MSFT
2026-04-22 14:00:00+00:00,-0.4297927701886417,short,2026-04-22,MSFT
2026-04-22 15:00:00+00:00,-0.10188722936204098,short,2026-04-22,MSFT
2026-04-23 12:45:00+00:00,-0.11828440301862031,long,2026-04-23,MSFT
2026-04-24 11:00:00+00:00,0.25395167797978013,short,2026-04-24,MSFT
2026-04-24 12:00:00+00:00,0.6616391576551028,short,2026-04-24,MSFT
2026-04-24 13:15:00+00:00,0.6273195259188347,long,2026-04-24,MSFT
2026-04-27 13:00:00+00:00,0.8382289726321712,long,2026-04-27,MSFT
2026-04-27 13:30:00+00:00,0.465425531914887,long,2026-04-27,MSFT
2026-04-28 10:45:00+00:00,-0.3363733270164482,long,2026-04-28,MSFT
2026-04-28 12:00:00+00:00,1.5643602076289342,long,2026-04-28,MSFT
2026-04-28 13:45:00+00:00,-0.17553303531725462,short,2026-04-28,MSFT
2026-04-29 13:15:00+00:00,-0.0634860918432234,long,2026-04-29,MSFT
2026-04-29 14:00:00+00:00,0.03296366932732386,long,2026-04-29,MSFT
2026-04-29 15:00:00+00:00,-0.4941757853865081,long,2026-04-29,MSFT
2026-04-30 13:15:00+00:00,-1.907905915479291,long,2026-04-30,MSFT
2026-05-01 10:30:00+00:00,0.36884144703095423,long,2026-05-01,MSFT
2026-05-01 12:00:00+00:00,-0.49100631988332477,short,2026-05-01,MSFT
2026-05-01 13:00:00+00:00,-0.5695450910060185,short,2026-05-01,MSFT
2026-05-01 14:00:00+00:00,-0.28542402399496236,short,2026-05-01,MSFT
2026-05-01 14:45:00+00:00,0.1857615015319225,short,2026-05-01,MSFT
2026-05-04 10:00:00+00:00,0.2765647743813604,long,2026-05-04,MSFT
2026-05-04 11:30:00+00:00,1.0559968998256286,long,2026-05-04,MSFT
2026-05-04 13:15:00+00:00,0.9651526541698097,long,2026-05-04,MSFT
2026-05-04 13:30:00+00:00,0.5009107468123886,short,2026-05-04,MSFT
2026-05-05 13:30:00+00:00,-0.1481229663445216,long,2026-05-05,MSFT
2026-05-06 08:45:00+00:00,-0.6089392278650685,short,2026-05-06,MSFT
2026-05-06 09:15:00+00:00,-0.3501775205486002,short,2026-05-06,MSFT
2026-05-06 10:30:00+00:00,0.5814094333680631,short,2026-05-06,MSFT
2026-05-06 14:15:00+00:00,0.32680523849571985,short,2026-05-06,MSFT
2026-05-07 11:00:00+00:00,-0.34456355283307705,short,2026-05-07,MSFT
2026-05-07 14:45:00+00:00,1.1533863140867906,short,2026-05-07,MSFT
2026-05-08 13:00:00+00:00,-0.5219878441186987,long,2026-05-08,MSFT
2026-05-11 11:15:00+00:00,-0.7867132867132698,long,2026-05-11,MSFT
2026-05-11 11:45:00+00:00,-0.14587892049598983,long,2026-05-11,MSFT
2026-05-11 13:00:00+00:00,-0.23861118550800864,long,2026-05-11,MSFT
2026-05-12 08:30:00+00:00,-0.10457452759065067,long,2026-05-12,MSFT
2026-05-12 13:00:00+00:00,1.2719636995558892,short,2026-05-12,MSFT
2026-05-13 08:15:00+00:00,-0.07112898874198637,long,2026-05-13,MSFT
2026-05-13 12:15:00+00:00,-0.5100406554145787,long,2026-05-13,MSFT
2026-05-13 14:15:00+00:00,0.6166724453910533,long,2026-05-13,MSFT
2026-05-14 08:45:00+00:00,-0.38180161095646703,short,2026-05-14,MSFT
2026-05-14 10:00:00+00:00,0.20341143025194297,short,2026-05-14,MSFT
2026-05-14 15:00:00+00:00,0.5590530128096072,short,2026-05-14,MSFT
2026-05-15 08:45:00+00:00,-0.5615645677173653,short,2026-05-15,MSFT
2026-05-15 11:00:00+00:00,0.43750453216020446,short,2026-05-15,MSFT
2026-05-15 13:15:00+00:00,-1.929275920134721,short,2026-05-15,MSFT
2026-05-15 14:00:00+00:00,-1.7361693964173641,short,2026-05-15,MSFT
2026-05-18 13:15:00+00:00,0.24706164547854126,long,2026-05-18,MSFT
2026-05-18 13:45:00+00:00,0.985233313644418,short,2026-05-18,MSFT
2026-05-19 11:00:00+00:00,-0.46985670539283486,short,2026-05-19,MSFT
2026-05-19 13:00:00+00:00,1.4495114006514709,short,2026-05-19,MSFT
2026-05-19 13:45:00+00:00,2.3791233093558573,short,2026-05-19,MSFT
2026-05-20 13:15:00+00:00,0.5406318634904483,long,2026-05-20,MSFT
2026-05-21 13:00:00+00:00,2.5492980699834633,short,2026-05-21,MSFT
2026-05-22 08:30:00+00:00,-0.34502450863750367,long,2026-05-22,MSFT
2026-05-26 12:45:00+00:00,-0.6972967809724007,long,2026-05-26,MSFT
2026-05-26 14:45:00+00:00,-0.17795305886878499,long,2026-05-26,MSFT
2026-05-27 13:15:00+00:00,0.39071979808766866,long,2026-05-27,MSFT
2026-05-28 08:45:00+00:00,0.06710122699385979,short,2026-05-28,MSFT
2026-05-28 13:45:00+00:00,-0.17872260370614956,short,2026-05-28,MSFT
2026-05-29 09:45:00+00:00,-0.3431884057971013,short,2026-05-29,MSFT
2026-05-29 10:30:00+00:00,-0.26820809248555566,short,2026-05-29,MSFT
2026-05-29 11:15:00+00:00,-0.5701835712961234,short,2026-05-29,MSFT
2026-06-01 11:00:00+00:00,1.043841336116913,short,2026-06-01,MSFT
2026-06-03 11:30:00+00:00,2.183050847457635,short,2026-06-03,MSFT
2026-06-03 13:30:00+00:00,-1.3076425468995345,long,2026-06-03,MSFT
2026-06-03 14:15:00+00:00,-1.2674065664171952,long,2026-06-03,MSFT
2026-06-04 08:00:00+00:00,-0.22030007188738043,short,2026-06-04,MSFT
2026-06-04 09:30:00+00:00,0.15271414688324825,short,2026-06-04,MSFT
2026-06-04 11:45:00+00:00,0.158971523361906,short,2026-06-04,MSFT
2026-06-04 13:15:00+00:00,1.180569882859972,short,2026-06-04,MSFT
2026-06-05 08:00:00+00:00,-0.2304683862557111,short,2026-06-05,MSFT
2026-06-05 14:00:00+00:00,-0.7058212548982645,long,2026-06-05,MSFT
2026-06-05 14:30:00+00:00,-0.44795221843004773,long,2026-06-05,MSFT
2026-06-08 15:45:00+00:00,0.21417966753474182,long,2026-06-08,MSFT
2026-06-09 14:15:00+00:00,-2.051319576564714,long,2026-06-09,MSFT
2026-06-11 12:30:00+00:00,-1.3199071269937468,long,2026-06-11,MSFT
2026-06-11 13:30:00+00:00,-0.8172781307644983,long,2026-06-11,MSFT
2026-06-11 14:45:00+00:00,-0.20895676400783936,long,2026-06-11,MSFT
2026-06-11 15:30:00+00:00,0.8059308242709173,long,2026-06-11,MSFT
2026-06-12 13:30:00+00:00,1.0243177730862474,long,2026-06-12,MSFT
2026-06-15 15:45:00+00:00,0.3563951749576355,short,2026-06-15,MSFT
2026-06-16 10:30:00+00:00,-0.19844758722901146,long,2026-06-16,MSFT
2026-06-16 11:00:00+00:00,0.20120218304369164,long,2026-06-16,MSFT
2026-06-16 13:30:00+00:00,-0.1546143512533793,long,2026-06-16,MSFT
2026-06-16 14:00:00+00:00,-0.1370906321401244,long,2026-06-16,MSFT
2026-06-17 08:00:00+00:00,-0.18821853698239854,long,2026-06-17,MSFT
2026-06-17 13:00:00+00:00,-1.0948531668883765,long,2026-06-17,MSFT
2026-06-17 14:00:00+00:00,-0.7477644156645091,long,2026-06-17,MSFT
2026-06-18 10:45:00+00:00,-0.28107596931805645,long,2026-06-18,MSFT
2026-06-18 13:30:00+00:00,0.47825157635994486,long,2026-06-18,MSFT
2026-06-18 15:15:00+00:00,1.2643066276284198,long,2026-06-18,MSFT
2026-06-22 14:15:00+00:00,-1.3838427014319366,long,2026-06-22,MSFT
2026-06-22 14:45:00+00:00,-0.8503446980874019,long,2026-06-22,MSFT
2026-06-23 08:30:00+00:00,0.06449012494960105,short,2026-06-23,MSFT
2026-06-23 14:15:00+00:00,0.8380851345975437,short,2026-06-23,MSFT
2026-06-24 13:30:00+00:00,1.0785091197462293,short,2026-06-24,MSFT
2026-06-25 13:30:00+00:00,-0.8815350389321464,long,2026-06-25,MSFT
2026-06-25 14:30:00+00:00,-1.6350446428571308,long,2026-06-25,MSFT
2026-06-26 13:30:00+00:00,-2.6795580110497097,short,2026-06-26,MSFT
2026-06-29 14:00:00+00:00,-1.9975031210986316,long,2026-06-29,MSFT
2026-06-29 14:45:00+00:00,-0.8315450643776923,long,2026-06-29,MSFT
2026-06-30 11:45:00+00:00,0.5671996542782942,long,2026-06-30,MSFT
2026-06-30 12:45:00+00:00,0.26518021430890215,long,2026-06-30,MSFT
2026-07-01 08:15:00+00:00,-0.47827925166472607,short,2026-07-01,MSFT
2026-07-01 10:15:00+00:00,-0.09204470742933957,short,2026-07-01,MSFT
2026-07-01 14:15:00+00:00,-0.8880530742307879,short,2026-07-01,MSFT
2026-07-01 15:45:00+00:00,-0.504789024074559,short,2026-07-01,MSFT
2026-07-02 08:15:00+00:00,0.43031255636578614,short,2026-07-02,MSFT
2026-07-02 11:00:00+00:00,1.0332654796567753,short,2026-07-02,MSFT
2026-07-02 12:00:00+00:00,1.1228929473985794,long,2026-07-02,MSFT
2026-07-02 14:45:00+00:00,-0.05633370035593721,short,2026-07-02,MSFT
2026-07-03 08:00:00+00:00,0.04105616997254202,long,2026-07-03,MSFT
2026-07-03 13:45:00+00:00,-0.185261424454497,long,2026-07-03,MSFT
2026-07-06 12:15:00+00:00,-0.8198200520766252,long,2026-07-06,MSFT
2026-07-06 13:30:00+00:00,0.6445743989603736,long,2026-07-06,MSFT
2026-07-07 08:00:00+00:00,-0.05861814104035634,short,2026-07-07,MSFT
2026-07-07 11:00:00+00:00,0.07112194874139277,short,2026-07-07,MSFT
2026-07-08 08:15:00+00:00,-0.8051363036218118,long,2026-07-08,MSFT
2026-07-09 08:00:00+00:00,-0.21942427250404295,long,2026-07-09,MSFT
2026-07-09 08:30:00+00:00,-0.5391823273831364,long,2026-07-09,MSFT
2026-07-09 10:30:00+00:00,-0.8078947368421074,long,2026-07-09,MSFT
2026-07-09 11:15:00+00:00,-0.8116539763113328,long,2026-07-09,MSFT
2026-07-09 13:00:00+00:00,1.1049282462259447,long,2026-07-09,MSFT
2026-07-10 08:00:00+00:00,-0.14425925448877663,short,2026-07-10,MSFT
2026-07-13 09:00:00+00:00,0.09536819857205447,short,2026-07-13,MSFT
2026-07-13 09:45:00+00:00,0.16235021260146976,short,2026-07-13,MSFT
2026-07-13 13:30:00+00:00,-0.3485570762212342,short,2026-07-13,MSFT
2026-07-13 15:15:00+00:00,-0.4010012259910045,short,2026-07-13,MSFT
2026-07-14 11:00:00+00:00,0.1366012556807794,long,2026-07-14,MSFT
2026-07-15 13:45:00+00:00,-2.0171211810539047,short,2026-07-15,MSFT
2026-07-15 15:00:00+00:00,-0.0025225770647230306,short,2026-07-15,MSFT
2026-07-16 13:30:00+00:00,1.7028100183261952,long,2026-07-16,MSFT
2026-07-17 15:00:00+00:00,1.0465443565927046,long,2026-07-17,MSFT
2026-07-20 10:30:00+00:00,-0.34952546178181887,long,2026-07-20,MSFT
2026-07-21 08:15:00+00:00,-0.14776227804353947,long,2026-07-21,MSFT
2026-07-21 10:15:00+00:00,-0.10032605969400032,long,2026-07-21,MSFT
2026-07-21 11:15:00+00:00,0.3492023615123685,long,2026-07-21,MSFT
2026-07-21 12:00:00+00:00,0.5496298155351909,long,2026-07-21,MSFT
2026-07-22 13:30:00+00:00,-1.0961621607874061,long,2026-07-22,MSFT
2026-07-23 08:45:00+00:00,0.5584714429764492,long,2026-07-23,MSFT
2026-07-23 10:00:00+00:00,0.8496748957335098,long,2026-07-23,MSFT
2026-07-23 14:00:00+00:00,-1.0036662419719566,long,2026-07-23,MSFT
2026-07-24 08:00:00+00:00,-0.10103103466143626,short,2026-07-24,MSFT
2026-07-24 09:15:00+00:00,0.06203313603350136,short,2026-07-24,MSFT
2026-07-27 08:00:00+00:00,0.08535071384232484,short,2026-07-27,MSFT
2026-07-27 10:30:00+00:00,-0.4652364952184129,short,2026-07-27,MSFT
2026-07-27 11:00:00+00:00,-0.5397727272727249,short,2026-07-27,MSFT
2026-07-27 15:00:00+00:00,0.32267899791655896,short,2026-07-27,MSFT
2026-07-28 10:30:00+00:00,-0.7668867445403738,short,2026-07-28,MSFT
2026-07-28 11:00:00+00:00,-0.21547899713538765,short,2026-07-28,MSFT
2026-07-28 14:30:00+00:00,-0.4885173247381136,short,2026-07-28,MSFT
2026-07-29 09:30:00+00:00,0.44248912849986777,long,2026-07-29,MSFT
2026-07-29 13:30:00+00:00,1.1523097408583372,long,2026-07-29,MSFT
2026-07-30 13:15:00+00:00,-1.4982212897929337,short,2026-07-30,MSFT
2026-07-31 11:45:00+00:00,-2.827757785774576,short,2026-07-31,MSFT
2026-07-31 12:15:00+00:00,-0.3648666578214055,short,2026-07-31,MSFT
2026-07-31 13:30:00+00:00,-0.03476598148710597,short,2026-07-31,MSFT
2026-07-31 15:30:00+00:00,-0.26499847951693134,short,2026-07-31,MSFT
2026-08-03 11:00:00+00:00,-0.006328179382797394,short,2026-08-03,MSFT
2026-08-03 12:30:00+00:00,-2.2849095074937376,short,2026-08-03,MSFT
2026-08-03 13:15:00+00:00,-1.875668757736615,short,2026-08-03,MSFT
2026-08-03 14:30:00+00:00,-0.5384299219071131,short,2026-08-03,MSFT
2026-08-04 08:15:00+00:00,-0.19513815366091203,long,2026-08-04,MSFT
2026-08-04 10:30:00+00:00,-0.4188547136784182,long,2026-08-04,MSFT
2026-08-04 11:00:00+00:00,-0.2911665514568784,long,2026-08-04,MSFT
2026-08-04 13:00:00+00:00,4.157563025210087,long,2026-08-04,MSFT
2026-08-04 13:45:00+00:00,-1.3424049214723732,short,2026-08-04,MSFT
2026-08-05 09:30:00+00:00,0.08279817440123294,short,2026-08-05,MSFT
2026-08-05 11:45:00+00:00,1.5724093498963088,short,2026-08-05,MSFT
2026-08-05 13:00:00+00:00,1.4927768860353074,short,2026-08-05,MSFT
2026-08-05 13:45:00+00:00,0.022500409098347163,long,2026-08-05,MSFT
2026-08-06 10:45:00+00:00,0.5905511811023612,short,2026-08-06,MSFT
2026-08-06 11:00:00+00:00,0.15491386788946127,long,2026-08-06,MSFT
2026-08-06 11:30:00+00:00,2.038200760707798,long,2026-08-06,MSFT
2026-08-06 13:15:00+00:00,-1.5008997219041254,short,2026-08-06,MSFT
2026-03-05 09:00:00+00:00,0.3179576978019405,short,2026-03-05,AMZN
2026-03-05 14:30:00+00:00,1.0955043411064125,short,2026-03-05,AMZN
2026-03-06 09:30:00+00:00,-0.289110183103114,long,2026-03-06,AMZN
2026-03-06 11:45:00+00:00,-0.9684113442471776,long,2026-03-06,AMZN
2026-03-06 12:15:00+00:00,-0.6694367497691589,long,2026-03-06,AMZN
2026-03-06 13:30:00+00:00,-0.3939014782890715,long,2026-03-06,AMZN
2026-03-06 14:45:00+00:00,0.6242429889127044,long,2026-03-06,AMZN
2026-03-09 13:45:00+00:00,1.3503086419752952,long,2026-03-09,AMZN
2026-03-10 08:00:00+00:00,0.22346368715084886,short,2026-03-10,AMZN
2026-03-11 13:30:00+00:00,1.9422863485016761,short,2026-03-11,AMZN
2026-03-11 15:00:00+00:00,-0.009403799134855007,long,2026-03-11,AMZN
2026-03-12 13:45:00+00:00,-0.11901928112354465,long,2026-03-12,AMZN
2026-03-12 15:00:00+00:00,0.9500959692898325,long,2026-03-12,AMZN
2026-03-13 15:30:00+00:00,-0.22155861670359878,long,2026-03-13,AMZN
2026-03-17 12:15:00+00:00,-0.7723098657876237,short,2026-03-17,AMZN
2026-03-17 13:00:00+00:00,-0.13122129534164362,short,2026-03-17,AMZN
2026-03-17 13:30:00+00:00,0.05624033369264758,short,2026-03-17,AMZN
2026-03-18 12:00:00+00:00,-0.6114067021375957,long,2026-03-18,AMZN
2026-03-18 14:15:00+00:00,-0.09442870632673239,long,2026-03-18,AMZN
2026-03-19 12:15:00+00:00,-0.6721075372059571,long,2026-03-19,AMZN
2026-03-19 14:15:00+00:00,0.25132914451424515,long,2026-03-19,AMZN
2026-03-20 09:15:00+00:00,-0.2641310089804505,long,2026-03-20,AMZN
2026-03-20 09:45:00+00:00,-0.038513383400740064,long,2026-03-20,AMZN
2026-03-20 13:30:00+00:00,-0.024177949709869306,long,2026-03-20,AMZN
2026-03-23 09:30:00+00:00,3.1848706300612317,long,2026-03-23,AMZN
2026-03-23 11:00:00+00:00,0.6834037302453577,short,2026-03-23,AMZN
2026-03-24 13:30:00+00:00,0.6667632990288386,long,2026-03-24,AMZN
2026-03-25 08:00:00+00:00,-0.11895698515416164,short,2026-03-25,AMZN
2026-03-25 09:00:00+00:00,0.15688138816257746,short,2026-03-25,AMZN
2026-03-25 12:00:00+00:00,-0.24168325277225122,short,2026-03-25,AMZN
2026-03-25 13:15:00+00:00,0.31168831168830735,short,2026-03-25,AMZN
2026-03-25 14:15:00+00:00,0.028316579357201555,short,2026-03-25,AMZN
2026-03-26 11:30:00+00:00,-0.2388573066450128,long,2026-03-26,AMZN
2026-03-26 13:30:00+00:00,1.5898098932145777,long,2026-03-26,AMZN
2026-03-26 14:00:00+00:00,0.29767529767529277,short,2026-03-26,AMZN
2026-03-27 09:00:00+00:00,-0.1641481195384542,long,2026-03-27,AMZN
2026-03-27 12:30:00+00:00,-2.324904140173756,long,2026-03-27,AMZN
2026-03-27 13:00:00+00:00,-2.3267110312332973,long,2026-03-27,AMZN
2026-03-27 13:30:00+00:00,-1.0183499778619653,long,2026-03-27,AMZN
2026-03-30 08:30:00+00:00,0.318677488423047,short,2026-03-30,AMZN
2026-03-30 12:15:00+00:00,-0.024802817600066973,short,2026-03-30,AMZN
2026-03-30 14:45:00+00:00,-0.128376043055356,short,2026-03-30,AMZN
2026-03-31 11:30:00+00:00,-0.9654969613801301,short,2026-03-31,AMZN
2026-03-31 12:15:00+00:00,-0.9830773745475918,short,2026-03-31,AMZN
2026-04-01 14:45:00+00:00,-0.5573925366084032,short,2026-04-01,AMZN
2026-04-02 14:00:00+00:00,-0.25378280022985145,short,2026-04-02,AMZN
2026-04-03 12:45:00+00:00,0.0430025323713501,long,2026-04-03,AMZN
2026-04-03 15:15:00+00:00,-0.009557945041815952,long,2026-04-03,AMZN
2026-04-06 08:15:00+00:00,0.01896453631707873,short,2026-04-06,AMZN
2026-04-06 13:45:00+00:00,0.014110342881334947,short,2026-04-06,AMZN
2026-04-07 08:30:00+00:00,0.3414405986903679,short,2026-04-07,AMZN
2026-04-08 13:15:00+00:00,1.219566674112127,short,2026-04-08,AMZN
2026-04-08 13:45:00+00:00,0.7314192258767838,long,2026-04-08,AMZN
2026-04-09 08:15:00+00:00,0.8744762251776228,long,2026-04-09,AMZN
2026-04-09 10:15:00+00:00,-1.7924869062669213,short,2026-04-09,AMZN
2026-04-09 11:00:00+00:00,-0.7128766140602538,short,2026-04-09,AMZN
2026-04-09 14:45:00+00:00,-1.2657673440784833,short,2026-04-09,AMZN
2026-04-10 13:30:00+00:00,0.14656616415411605,short,2026-04-10,AMZN
2026-04-13 11:00:00+00:00,-0.7542372881355952,short,2026-04-13,AMZN
2026-04-13 12:30:00+00:00,0.19811996796358367,short,2026-04-13,AMZN
2026-04-13 15:30:00+00:00,0.00418795544014916,short,2026-04-13,AMZN
2026-04-14 08:30:00+00:00,0.3016902921849751,short,2026-04-14,AMZN
2026-04-14 09:45:00+00:00,-0.07028569066027668,short,2026-04-14,AMZN
2026-04-14 12:00:00+00:00,-1.103834589563002,short,2026-04-14,AMZN
2026-04-14 13:30:00+00:00,-0.7349060051159206,short,2026-04-14,AMZN
2026-04-15 10:15:00+00:00,0.5281619158972628,long,2026-04-15,AMZN
2026-04-15 13:30:00+00:00,0.1696078827282621,long,2026-04-15,AMZN
2026-04-16 08:00:00+00:00,0.10900282599919375,long,2026-04-16,AMZN
2026-04-16 13:30:00+00:00,0.6655574043261225,long,2026-04-16,AMZN
2026-04-17 08:30:00+00:00,-0.03194250349372041,short,2026-04-17,AMZN
2026-04-17 09:15:00+00:00,-0.11969836013248081,short,2026-04-17,AMZN
2026-04-17 12:30:00+00:00,-1.770157921953941,short,2026-04-17,AMZN
2026-04-20 10:30:00+00:00,0.6377653992088339,long,2026-04-20,AMZN
2026-04-20 12:30:00+00:00,0.9225092250922495,short,2026-04-20,AMZN
2026-04-20 13:30:00+00:00,-0.2751365567469133,long,2026-04-20,AMZN
2026-04-20 14:30:00+00:00,0.09310986964616852,long,2026-04-20,AMZN
2026-04-21 12:30:00+00:00,-0.49212598425196763,long,2026-04-21,AMZN
2026-04-21 13:30:00+00:00,-0.12273339140074224,long,2026-04-21,AMZN
2026-04-21 14:00:00+00:00,0.015819030293440228,long,2026-04-21,AMZN
2026-04-22 12:00:00+00:00,0.0197456756970249,short,2026-04-22,AMZN
2026-04-22 13:30:00+00:00,0.5097570688968434,long,2026-04-22,AMZN
2026-04-23 12:00:00+00:00,0.49216827467676305,short,2026-04-23,AMZN
2026-04-23 12:30:00+00:00,-0.3086058049142304,short,2026-04-23,AMZN
2026-04-23 14:30:00+00:00,-0.1129371446374483,short,2026-04-23,AMZN
2026-04-24 10:00:00+00:00,-1.261373843089797,short,2026-04-24,AMZN
2026-04-24 11:00:00+00:00,-1.3540856031128534,short,2026-04-24,AMZN
2026-04-24 12:00:00+00:00,-0.4126494408021486,short,2026-04-24,AMZN
2026-04-24 14:15:00+00:00,-0.5667458068469022,short,2026-04-24,AMZN
2026-04-24 15:30:00+00:00,-0.323735527117619,short,2026-04-24,AMZN
2026-04-27 12:15:00+00:00,-0.31919744642043835,long,2026-04-27,AMZN
2026-04-27 13:30:00+00:00,-0.3239823143772025,long,2026-04-27,AMZN
2026-04-27 15:00:00+00:00,0.531365877900547,long,2026-04-27,AMZN
2026-04-28 11:00:00+00:00,-0.6245662734212343,long,2026-04-28,AMZN
2026-04-29 13:15:00+00:00,2.3425097765903846,long,2026-04-29,AMZN
2026-04-29 13:45:00+00:00,-0.27753488195263465,short,2026-04-29,AMZN
2026-04-30 13:30:00+00:00,-1.66189111747852,long,2026-04-30,AMZN
2026-05-01 09:00:00+00:00,-0.20848337818885065,long,2026-05-01,AMZN
2026-05-01 10:00:00+00:00,-0.018970292521913734,long,2026-05-01,AMZN
2026-05-01 10:30:00+00:00,0.0456204379561953,long,2026-05-01,AMZN
2026-05-01 11:30:00+00:00,0.7312614259597838,long,2026-05-01,AMZN
2026-05-01 13:45:00+00:00,-0.4642180710810795,short,2026-05-01,AMZN
2026-05-04 08:00:00+00:00,-0.08961911874533213,long,2026-05-04,AMZN
2026-05-04 08:45:00+00:00,0.8084163898117391,short,2026-05-04,AMZN
2026-05-04 09:15:00+00:00,0.7870233520543835,short,2026-05-04,AMZN
2026-05-04 13:30:00+00:00,0.022060445620997182,short,2026-05-04,AMZN
2026-05-04 14:15:00+00:00,0.7231746264821481,short,2026-05-04,AMZN
2026-05-05 08:00:00+00:00,0.02188343424027739,short,2026-05-05,AMZN
2026-05-05 09:15:00+00:00,-0.018240186779516776,short,2026-05-05,AMZN
2026-05-05 12:00:00+00:00,-0.3460081585081598,short,2026-05-05,AMZN
2026-05-05 13:15:00+00:00,0.08689355539464039,short,2026-05-05,AMZN
2026-05-05 14:30:00+00:00,1.1397655545536622,short,2026-05-05,AMZN
2026-05-06 09:15:00+00:00,-0.6804701430078941,short,2026-05-06,AMZN
2026-05-07 11:00:00+00:00,0.1990445859872625,short,2026-05-07,AMZN
2026-05-07 13:45:00+00:00,-0.13495276653171517,long,2026-05-07,AMZN
2026-05-07 15:00:00+00:00,-0.07329228965112788,long,2026-05-07,AMZN
2026-05-08 13:45:00+00:00,0.18649211979377966,short,2026-05-08,AMZN
2026-05-11 13:00:00+00:00,0.5170630816959898,long,2026-05-11,AMZN
2026-05-11 13:30:00+00:00,-0.05133093788955989,short,2026-05-11,AMZN
2026-05-12 13:30:00+00:00,-0.2409638554217053,long,2026-05-12,AMZN
2026-05-12 14:15:00+00:00,-0.5997510467353306,long,2026-05-12,AMZN
2026-05-13 10:30:00+00:00,-0.480895668182002,long,2026-05-13,AMZN
2026-05-13 12:15:00+00:00,0.06398675097862849,long,2026-05-13,AMZN
2026-05-13 13:15:00+00:00,0.9326737907336957,long,2026-05-13,AMZN
2026-05-13 15:30:00+00:00,-0.39450668056124627,short,2026-05-13,AMZN
2026-05-14 13:45:00+00:00,-0.10040907400520327,long,2026-05-14,AMZN
2026-05-15 10:30:00+00:00,-0.16343595591030713,long,2026-05-15,AMZN
2026-05-15 12:00:00+00:00,0.5136399954343229,long,2026-05-15,AMZN
2026-05-15 12:30:00+00:00,0.1789317394449208,long,2026-05-15,AMZN
2026-05-15 13:30:00+00:00,-0.08766246140946565,long,2026-05-15,AMZN
2026-05-18 12:30:00+00:00,-1.7206094140832073,short,2026-05-18,AMZN
2026-05-18 13:30:00+00:00,0.2737363131843473,short,2026-05-18,AMZN
2026-05-19 10:30:00+00:00,0.4919533216382943,long,2026-05-19,AMZN
2026-05-19 13:30:00+00:00,-1.3656472398538178,long,2026-05-19,AMZN
2026-05-20 10:00:00+00:00,0.011524720525535326,short,2026-05-20,AMZN
2026-05-20 12:15:00+00:00,-0.7370158535181082,short,2026-05-20,AMZN
2026-05-20 13:30:00+00:00,-1.2628767645936678,short,2026-05-20,AMZN
2026-05-21 08:00:00+00:00,0.007497656982191625,short,2026-05-21,AMZN
2026-05-21 09:15:00+00:00,0.547041852448571,short,2026-05-21,AMZN
2026-05-21 13:30:00+00:00,1.2396063772980304,long,2026-05-21,AMZN
2026-05-26 09:45:00+00:00,-0.1342181791067043,long,2026-05-26,AMZN
2026-05-26 11:15:00+00:00,0.10069742289187111,long,2026-05-26,AMZN
2026-05-26 13:30:00+00:00,-1.3604933657260232,long,2026-05-26,AMZN
2026-05-26 14:15:00+00:00,-0.6165181760084182,long,2026-05-26,AMZN
2026-05-27 08:00:00+00:00,0.045094134004741715,short,2026-05-27,AMZN
2026-05-27 09:45:00+00:00,0.6532757649709064,short,2026-05-27,AMZN
2026-05-27 11:45:00+00:00,1.564566720834426,long,2026-05-27,AMZN
2026-05-27 13:45:00+00:00,-0.6139534883720765,short,2026-05-27,AMZN
2026-05-28 13:30:00+00:00,0.37878787878788955,long,2026-05-28,AMZN
2026-05-29 08:00:00+00:00,0.19926934573231136,long,2026-05-29,AMZN
2026-05-29 08:30:00+00:00,0.4094732182381655,long,2026-05-29,AMZN
2026-05-29 13:30:00+00:00,0.6077368172058728,short,2026-05-29,AMZN
2026-06-01 09:15:00+00:00,-0.0037126415444732608,long,2026-06-01,AMZN
2026-06-01 09:45:00+00:00,-0.12258999219881828,long,2026-06-01,AMZN
2026-06-01 11:00:00+00:00,-0.323335934886837,long,2026-06-01,AMZN
2026-06-01 11:30:00+00:00,-2.221726853915895,long,2026-06-01,AMZN
2026-06-01 13:00:00+00:00,-1.3646532438478576,long,2026-06-01,AMZN
2026-06-02 11:15:00+00:00,0.0932545850170996,long,2026-06-02,AMZN
2026-06-02 13:30:00+00:00,2.2812793979303914,long,2026-06-02,AMZN
2026-06-03 10:30:00+00:00,-0.05076340349094988,long,2026-06-03,AMZN
2026-06-03 12:15:00+00:00,-1.0827079424640451,long,2026-06-03,AMZN
2026-06-03 12:45:00+00:00,-1.4742110820005427,long,2026-06-03,AMZN
2026-06-03 13:15:00+00:00,-1.6946493017417241,long,2026-06-03,AMZN
2026-06-03 14:00:00+00:00,-1.6467536550856754,long,2026-06-03,AMZN
2026-06-04 09:15:00+00:00,-0.4079207920792083,short,2026-06-04,AMZN
2026-06-04 11:15:00+00:00,-0.0788861278744113,short,2026-06-04,AMZN
2026-06-04 12:00:00+00:00,-0.15388864775283118,short,2026-06-04,AMZN
2026-06-04 12:30:00+00:00,-0.319161511485877,short,2026-06-04,AMZN
2026-06-04 13:00:00+00:00,-0.32675878902406197,short,2026-06-04,AMZN
2026-06-04 13:45:00+00:00,0.26278631942265873,short,2026-06-04,AMZN
2026-06-04 14:30:00+00:00,0.17282010997643482,short,2026-06-04,AMZN
2026-06-04 15:00:00+00:00,0.2903782765656948,short,2026-06-04,AMZN
2026-06-05 13:15:00+00:00,0.22007388194608124,short,2026-06-05,AMZN
2026-06-08 11:15:00+00:00,0.7160672620484365,short,2026-06-08,AMZN
2026-06-08 12:30:00+00:00,1.1299887802532438,short,2026-06-08,AMZN
2026-06-08 13:00:00+00:00,0.9002520705797656,short,2026-06-08,AMZN
2026-06-09 08:30:00+00:00,-0.19465509550264937,short,2026-06-09,AMZN
2026-06-09 09:00:00+00:00,-0.0972289742343202,short,2026-06-09,AMZN
2026-06-09 12:30:00+00:00,0.25094102885822034,short,2026-06-09,AMZN
2026-06-09 13:15:00+00:00,2.048965433791805,short,2026-06-09,AMZN
2026-06-09 15:15:00+00:00,0.3294214535721762,long,2026-06-09,AMZN
2026-06-10 09:45:00+00:00,-0.28391556597950895,long,2026-06-10,AMZN
2026-06-10 11:15:00+00:00,0.6104099645302341,long,2026-06-10,AMZN
2026-06-10 13:45:00+00:00,-0.29466694334923105,long,2026-06-10,AMZN
2026-06-10 14:15:00+00:00,-0.745990302126065,long,2026-06-10,AMZN
2026-06-11 08:45:00+00:00,0.21197888524044917,short,2026-06-11,AMZN
2026-06-11 13:30:00+00:00,0.2492922634892425,long,2026-06-11,AMZN
2026-06-11 14:45:00+00:00,0.27097976119907496,long,2026-06-11,AMZN
2026-06-12 09:15:00+00:00,-0.2787570714110066,short,2026-06-12,AMZN
2026-06-12 11:15:00+00:00,0.380181506009325,short,2026-06-12,AMZN
2026-06-12 13:30:00+00:00,0.26284551466848605,long,2026-06-12,AMZN
2026-06-15 13:30:00+00:00,0.16605913325232757,short,2026-06-15,AMZN
2026-06-16 15:00:00+00:00,1.2744980161115693,short,2026-06-16,AMZN
2026-06-17 13:15:00+00:00,-1.8393148450244645,long,2026-06-17,AMZN
2026-06-18 10:45:00+00:00,0.2720006695401178,long,2026-06-18,AMZN
2026-06-18 13:30:00+00:00,2.5207955073259347,long,2026-06-18,AMZN
2026-06-18 15:00:00+00:00,-1.1439190584348502,short,2026-06-18,AMZN
2026-06-18 15:45:00+00:00,-0.13107233554519038,short,2026-06-18,AMZN
2026-06-22 13:15:00+00:00,-2.891014975041606,long,2026-06-22,AMZN
2026-06-23 09:30:00+00:00,0.7689634199322226,long,2026-06-23,AMZN
2026-06-23 13:30:00+00:00,0.3275759380583776,short,2026-06-23,AMZN
2026-06-23 14:00:00+00:00,0.8313639432815711,short,2026-06-23,AMZN
2026-06-24 13:30:00+00:00,-1.3598589775875025,short,2026-06-24,AMZN
2026-06-25 11:00:00+00:00,0.004284306584967368,long,2026-06-25,AMZN
2026-06-25 13:15:00+00:00,-0.9849038751021388,long,2026-06-25,AMZN
2026-06-26 14:00:00+00:00,-1.00017394329448,short,2026-06-26,AMZN
2026-06-29 13:30:00+00:00,-0.8695290397736644,short,2026-06-29,AMZN
2026-06-30 11:45:00+00:00,-0.3084747175788771,long,2026-06-30,AMZN
2026-06-30 13:15:00+00:00,0.48309178743959347,long,2026-06-30,AMZN
2026-07-01 10:15:00+00:00,-0.11213090244612811,short,2026-07-01,AMZN
2026-07-01 12:00:00+00:00,0.4895453036840247,short,2026-07-01,AMZN
2026-07-01 13:30:00+00:00,2.283567599510361,long,2026-07-01,AMZN
2026-07-01 14:45:00+00:00,0.0864731315626921,short,2026-07-01,AMZN
2026-07-01 15:15:00+00:00,-0.38152280932064464,short,2026-07-01,AMZN
2026-07-02 12:00:00+00:00,1.0178327609748017,long,2026-07-02,AMZN
2026-07-02 14:30:00+00:00,0.016278028730720706,short,2026-07-02,AMZN
2026-07-06 09:45:00+00:00,0.6940216729575011,short,2026-07-06,AMZN
2026-07-06 13:30:00+00:00,1.6545334215751106,long,2026-07-06,AMZN
2026-07-07 08:00:00+00:00,-0.8343847938458993,short,2026-07-07,AMZN
2026-07-08 08:15:00+00:00,-0.924448807624656,long,2026-07-08,AMZN
2026-07-09 10:45:00+00:00,-0.9406716725802511,long,2026-07-09,AMZN
2026-07-09 11:15:00+00:00,-0.5502461627570288,long,2026-07-09,AMZN
2026-07-09 12:45:00+00:00,0.5955851728446593,long,2026-07-09,AMZN
2026-07-10 08:30:00+00:00,0.08059316569954955,short,2026-07-10,AMZN
2026-07-10 10:00:00+00:00,0.24545308224690476,short,2026-07-10,AMZN
2026-07-10 13:00:00+00:00,1.250200996944839,short,2026-07-10,AMZN
2026-07-13 08:00:00+00:00,-0.05689669186377255,short,2026-07-13,AMZN
2026-07-13 13:30:00+00:00,-0.06838019387795935,short,2026-07-13,AMZN
2026-07-13 14:45:00+00:00,0.18910436951798948,short,2026-07-13,AMZN
2026-07-14 12:30:00+00:00,0.8867034782959249,short,2026-07-14,AMZN
2026-07-15 09:45:00+00:00,0.5763919465236467,short,2026-07-15,AMZN
2026-07-15 13:15:00+00:00,-2.434733938352074,short,2026-07-15,AMZN
2026-07-16 08:00:00+00:00,-0.3814268477795535,short,2026-07-16,AMZN
2026-07-16 10:00:00+00:00,0.4691559070993945,short,2026-07-16,AMZN
2026-07-16 13:30:00+00:00,0.7084661707403406,long,2026-07-16,AMZN
2026-07-20 11:30:00+00:00,-0.7561436672967936,short,2026-07-20,AMZN
2026-07-20 13:15:00+00:00,-0.8823647374964771,short,2026-07-20,AMZN
2026-07-20 14:00:00+00:00,-0.9759999999999991,short,2026-07-20,AMZN
2026-07-20 14:45:00+00:00,-0.8628610234490353,short,2026-07-20,AMZN
2026-07-21 13:30:00+00:00,0.024175027196915444,long,2026-07-21,AMZN
2026-07-22 10:15:00+00:00,0.18515536950571843,short,2026-07-22,AMZN
2026-07-22 13:00:00+00:00,1.9462763390702964,short,2026-07-22,AMZN
2026-07-22 13:30:00+00:00,-0.448649971449544,long,2026-07-22,AMZN
2026-07-22 14:15:00+00:00,0.10247161536254268,long,2026-07-22,AMZN
2026-07-23 08:00:00+00:00,-0.5389494631234282,long,2026-07-23,AMZN
2026-07-23 12:30:00+00:00,-2.1413007039892684,long,2026-07-23,AMZN
2026-07-24 13:30:00+00:00,0.46397731666452113,long,2026-07-24,AMZN
2026-07-24 14:15:00+00:00,0.9525451489160064,long,2026-07-24,AMZN
2026-07-27 08:00:00+00:00,-0.016965686898240406,short,2026-07-27,AMZN
2026-07-27 10:30:00+00:00,0.30921721450356543,short,2026-07-27,AMZN
2026-07-27 14:15:00+00:00,-0.7444168734491385,long,2026-07-27,AMZN
2026-07-27 15:30:00+00:00,-0.38651492377067553,long,2026-07-27,AMZN
2026-07-28 11:00:00+00:00,0.004288716387179647,short,2026-07-28,AMZN
2026-07-28 11:45:00+00:00,1.72376919457633,short,2026-07-28,AMZN
2026-07-28 13:30:00+00:00,0.0997960689026689,long,2026-07-28,AMZN
2026-07-29 12:15:00+00:00,-1.2054984606044816,long,2026-07-29,AMZN
2026-07-29 13:15:00+00:00,-0.6180362116991578,long,2026-07-29,AMZN
2026-07-30 09:00:00+00:00,-0.326180257510722,short,2026-07-30,AMZN
2026-07-30 09:30:00+00:00,-0.39328004103791336,short,2026-07-30,AMZN
2026-07-30 11:30:00+00:00,-0.11496700021289552,short,2026-07-30,AMZN
2026-07-30 13:45:00+00:00,-0.5858304884730492,short,2026-07-30,AMZN
2026-07-30 15:30:00+00:00,-0.04616998950681683,short,2026-07-30,AMZN
2026-07-31 10:00:00+00:00,2.114260008996849,short,2026-07-31,AMZN
2026-07-31 13:45:00+00:00,0.018561829453911383,short,2026-07-31,AMZN
2026-07-31 14:15:00+00:00,-0.4483141904409127,short,2026-07-31,AMZN
2026-08-03 12:30:00+00:00,-2.908672018431191,short,2026-08-03,AMZN
2026-08-03 13:15:00+00:00,-2.528331659733185,short,2026-08-03,AMZN
2026-08-04 10:15:00+00:00,-0.06828637147785477,long,2026-08-04,AMZN
2026-08-04 11:00:00+00:00,-0.3529877895040223,long,2026-08-04,AMZN
2026-08-04 11:45:00+00:00,0.1335740072202274,long,2026-08-04,AMZN
2026-08-04 13:00:00+00:00,0.1915778058919404,long,2026-08-04,AMZN
2026-08-05 10:00:00+00:00,-0.711985688729877,short,2026-08-05,AMZN
2026-08-05 11:15:00+00:00,-0.3528153955808744,short,2026-08-05,AMZN
2026-08-05 11:45:00+00:00,1.6815105094406757,short,2026-08-05,AMZN
2026-08-05 13:00:00+00:00,1.9939791039489951,short,2026-08-05,AMZN
2026-08-05 13:45:00+00:00,-1.0036959199942186,long,2026-08-05,AMZN
2026-08-05 15:45:00+00:00,-0.46484389297609674,long,2026-08-05,AMZN
2026-08-06 08:00:00+00:00,-0.3283832597511749,short,2026-08-06,AMZN
2026-08-06 08:45:00+00:00,-0.39398803443746466,short,2026-08-06,AMZN
2026-08-06 09:45:00+00:00,0.19676432006996425,short,2026-08-06,AMZN
2026-08-06 11:15:00+00:00,0.7016395826516919,short,2026-08-06,AMZN
2026-03-05 14:45:00+00:00,0.13026487190621605,short,2026-03-05,INTC
2026-03-06 09:30:00+00:00,-0.21896211955332312,long,2026-03-06,INTC
2026-03-06 13:30:00+00:00,-0.6866002214839351,long,2026-03-06,INTC
2026-03-06 15:15:00+00:00,0.31397174254315097,long,2026-03-06,INTC
2026-03-09 13:45:00+00:00,-1.7527675276752808,short,2026-03-09,INTC
2026-03-09 14:30:00+00:00,-2.160422891289371,short,2026-03-09,INTC
2026-03-09 15:00:00+00:00,-1.2340036563071255,short,2026-03-09,INTC
2026-03-10 08:00:00+00:00,0.41340295909485514,short,2026-03-10,INTC
2026-03-10 13:30:00+00:00,-1.0173802458668835,short,2026-03-10,INTC
2026-03-10 14:30:00+00:00,-1.0452218430033966,short,2026-03-10,INTC
2026-03-11 13:30:00+00:00,-0.5655634687892652,short,2026-03-11,INTC
2026-03-12 13:30:00+00:00,-1.8783351120597702,long,2026-03-12,INTC
2026-03-12 14:15:00+00:00,-0.9345794392523366,long,2026-03-12,INTC
2026-03-13 13:30:00+00:00,1.4464594127806651,short,2026-03-13,INTC
2026-03-16 09:00:00+00:00,-0.4471890971039283,short,2026-03-16,INTC
2026-03-16 10:00:00+00:00,-1.1494252873563315,short,2026-03-16,INTC
2026-03-16 13:15:00+00:00,-1.022964509394586,short,2026-03-16,INTC
2026-03-16 15:00:00+00:00,0.7453416149068359,short,2026-03-16,INTC
2026-03-17 09:30:00+00:00,0.12970168612190802,short,2026-03-17,INTC
2026-03-17 13:30:00+00:00,-0.963477481514674,long,2026-03-17,INTC
2026-03-18 08:15:00+00:00,-0.06697923643670389,short,2026-03-18,INTC
2026-03-18 09:15:00+00:00,0.49172999552972163,short,2026-03-18,INTC
2026-03-18 12:15:00+00:00,0.2485314053321197,long,2026-03-18,INTC
2026-03-19 12:15:00+00:00,2.961121157323676,long,2026-03-19,INTC
2026-03-19 13:45:00+00:00,-0.9092925260589801,short,2026-03-19,INTC
2026-03-20 13:15:00+00:00,3.513628620102216,short,2026-03-20,INTC
2026-03-20 14:00:00+00:00,0.8851515822084766,long,2026-03-20,INTC
2026-03-23 11:00:00+00:00,0.31111111111111756,short,2026-03-23,INTC
2026-03-25 08:15:00+00:00,0.2627545434639944,short,2026-03-25,INTC
2026-03-25 09:00:00+00:00,0.043639537420891994,short,2026-03-25,INTC
2026-03-25 13:30:00+00:00,-2.4289741921492025,short,2026-03-25,INTC
2026-03-25 14:00:00+00:00,-1.6992901699290242,short,2026-03-25,INTC
2026-03-26 08:15:00+00:00,0.38626609442060644,long,2026-03-26,INTC
2026-03-26 09:30:00+00:00,0.3233455486096215,long,2026-03-26,INTC
2026-03-26 12:30:00+00:00,-2.4390243902438935,long,2026-03-26,INTC
2026-03-26 13:15:00+00:00,-3.2146709816612717,long,2026-03-26,INTC
2026-03-27 14:15:00+00:00,1.018047200370198,long,2026-03-27,INTC
2026-03-30 11:15:00+00:00,-0.06857142857144005,short,2026-03-30,INTC
2026-03-30 12:15:00+00:00,3.2648401826483986,short,2026-03-30,INTC
2026-03-30 13:00:00+00:00,4.929256047466923,short,2026-03-30,INTC
2026-03-30 13:30:00+00:00,-2.88439171900442,long,2026-03-30,INTC
2026-03-30 14:15:00+00:00,-2.9265990087325777,long,2026-03-30,INTC
2026-03-30 15:00:00+00:00,-1.1521843494959105,long,2026-03-30,INTC
2026-03-31 13:15:00+00:00,-0.9752616555661398,short,2026-03-31,INTC
2026-03-31 13:45:00+00:00,-0.07055503292567877,short,2026-03-31,INTC
2026-03-31 15:00:00+00:00,-1.9383465670247402,short,2026-03-31,INTC
2026-04-01 13:30:00+00:00,-2.91799787007454,short,2026-04-01,INTC
2026-04-02 13:30:00+00:00,-5.149396058486966,short,2026-04-02,INTC
2026-04-06 08:00:00+00:00,-0.03904724716907726,short,2026-04-06,INTC
2026-04-07 13:00:00+00:00,-0.561362756484729,short,2026-04-07,INTC
2026-04-08 13:30:00+00:00,-1.342281879194629,short,2026-04-08,INTC
2026-04-09 12:00:00+00:00,4.543877904960114,long,2026-04-09,INTC
2026-04-09 13:00:00+00:00,-2.31504781077001,short,2026-04-09,INTC
2026-04-09 13:30:00+00:00,-0.431606905710491,short,2026-04-09,INTC
2026-04-09 14:45:00+00:00,0.6731242817271332,short,2026-04-09,INTC
2026-04-13 09:15:00+00:00,-0.14476435579862112,short,2026-04-13,INTC
2026-04-13 10:45:00+00:00,0.04823151125402658,short,2026-04-13,INTC
2026-04-13 13:30:00+00:00,-0.5454262116253661,short,2026-04-13,INTC
2026-04-13 15:30:00+00:00,-1.03843769373837,short,2026-04-13,INTC
2026-04-14 08:30:00+00:00,0.7075116664157943,short,2026-04-14,INTC
2026-04-14 13:30:00+00:00,-2.025117739403459,long,2026-04-14,INTC
2026-04-15 14:30:00+00:00,1.9251336898395754,short,2026-04-15,INTC
2026-04-16 14:45:00+00:00,-0.9390371143240372,short,2026-04-16,INTC
2026-04-17 12:45:00+00:00,-0.5041774704696023,short,2026-04-17,INTC
2026-04-17 14:30:00+00:00,1.214285714285701,short,2026-04-17,INTC
2026-04-17 15:15:00+00:00,2.3460827527370887,short,2026-04-17,INTC
2026-04-20 13:15:00+00:00,3.819241982507271,short,2026-04-20,INTC
2026-04-20 13:30:00+00:00,-1.2614506682685156,long,2026-04-20,INTC
2026-04-21 10:45:00+00:00,-0.1345090419967221,short,2026-04-21,INTC
2026-04-22 09:15:00+00:00,0.6637168141592986,short,2026-04-22,INTC
2026-04-22 13:45:00+00:00,-0.6783237865541247,long,2026-04-22,INTC
2026-04-23 13:30:00+00:00,-0.22172949002217113,short,2026-04-23,INTC
2026-04-23 15:00:00+00:00,0.3244837758112129,short,2026-04-23,INTC
2026-04-24 09:30:00+00:00,0.04664723032070661,short,2026-04-24,INTC
2026-04-24 10:00:00+00:00,0.7007708479327412,short,2026-04-24,INTC
2026-04-24 11:15:00+00:00,4.42920251104395,short,2026-04-24,INTC
2026-04-27 12:15:00+00:00,1.7712977467164714,long,2026-04-27,INTC
2026-04-27 13:45:00+00:00,3.9455468389478554,short,2026-04-27,INTC
2026-04-28 08:00:00+00:00,-0.7571205383968271,long,2026-04-28,INTC
2026-04-28 09:00:00+00:00,-1.1537074870808683,long,2026-04-28,INTC
2026-04-28 10:30:00+00:00,-1.1988374909178923,long,2026-04-28,INTC
2026-04-28 11:00:00+00:00,-2.030395136778118,long,2026-04-28,INTC
2026-04-29 09:00:00+00:00,0.2762430939226457,short,2026-04-29,INTC
2026-04-29 10:15:00+00:00,1.146657493406722,short,2026-04-29,INTC
2026-04-29 13:30:00+00:00,-6.762295081967218,short,2026-04-29,INTC
2026-04-30 13:30:00+00:00,-0.7111016769263401,long,2026-04-30,INTC
2026-05-01 08:15:00+00:00,0.010764262647988687,long,2026-05-01,INTC
2026-05-01 13:30:00+00:00,-2.176379577101595,short,2026-05-01,INTC
2026-05-04 08:00:00+00:00,-2.575064625173995,long,2026-05-04,INTC
2026-05-04 09:15:00+00:00,-0.5785536159600979,long,2026-05-04,INTC
2026-05-04 09:45:00+00:00,-0.26028631494644516,long,2026-05-04,INTC
2026-05-04 13:30:00+00:00,0.17315135465469922,long,2026-05-04,INTC
2026-05-04 14:15:00+00:00,-1.3623424156161024,long,2026-05-04,INTC
2026-05-04 15:45:00+00:00,-0.8576679599754944,long,2026-05-04,INTC
2026-05-05 13:15:00+00:00,-8.311817279046663,short,2026-05-05,INTC
2026-05-06 08:15:00+00:00,0.9361997226074892,short,2026-05-06,INTC
2026-05-06 14:15:00+00:00,3.63450455474994,long,2026-05-06,INTC
2026-05-07 09:00:00+00:00,-0.8429257681500935,long,2026-05-07,INTC
2026-05-08 08:00:00+00:00,-0.035919540229900626,short,2026-05-08,INTC
2026-05-08 13:30:00+00:00,-2.6668990761722133,short,2026-05-08,INTC
2026-05-11 08:45:00+00:00,-2.001855000772923,short,2026-05-11,INTC
2026-05-12 14:15:00+00:00,-3.1448617416425906,long,2026-05-12,INTC
2026-05-13 13:30:00+00:00,1.276915373059584,long,2026-05-13,INTC
2026-05-14 08:30:00+00:00,-0.6526406182911115,long,2026-05-14,INTC
2026-05-14 11:15:00+00:00,-1.1704966003958983,long,2026-05-14,INTC
2026-05-14 12:30:00+00:00,0.45768566493955554,long,2026-05-14,INTC
2026-05-14 14:15:00+00:00,1.3391304347826205,long,2026-05-14,INTC
2026-05-15 13:45:00+00:00,1.5480742329571973,long,2026-05-15,INTC
2026-05-15 14:45:00+00:00,0.14820303816229785,long,2026-05-15,INTC
2026-05-18 12:45:00+00:00,4.377880184331795,short,2026-05-18,INTC
2026-05-19 14:00:00+00:00,3.9544753086419693,long,2026-05-19,INTC
2026-05-20 08:00:00+00:00,-0.4601493314811522,short,2026-05-20,INTC
2026-05-20 12:00:00+00:00,-2.449678800856536,short,2026-05-20,INTC
2026-05-20 13:30:00+00:00,-0.2551671344730888,short,2026-05-20,INTC
2026-05-21 14:15:00+00:00,2.222611130556529,long,2026-05-21,INTC
2026-05-22 08:00:00+00:00,1.2282157676348548,short,2026-05-22,INTC
2026-05-22 14:00:00+00:00,0.3610700804201561,short,2026-05-22,INTC
2026-05-25 09:45:00+00:00,-0.2098805295447148,short,2026-05-25,INTC
2026-05-25 10:15:00+00:00,-0.33917467495760967,short,2026-05-25,INTC
2026-05-25 11:15:00+00:00,0.20984665052462548,short,2026-05-25,INTC
2026-05-25 13:00:00+00:00,0.2579604997984597,short,2026-05-25,INTC
2026-05-26 13:45:00+00:00,2.9044647143543045,short,2026-05-26,INTC
2026-05-27 11:00:00+00:00,-0.24187696525033164,short,2026-05-27,INTC
2026-05-27 12:15:00+00:00,5.378757515030053,short,2026-05-27,INTC
2026-05-27 13:30:00+00:00,0.18633014313544916,long,2026-05-27,INTC
2026-05-27 14:00:00+00:00,0.478027507547818,long,2026-05-27,INTC
2026-05-28 13:15:00+00:00,-0.11498973305954507,short,2026-05-28,INTC
2026-05-28 15:15:00+00:00,0.7547788990073023,short,2026-05-28,INTC
2026-05-29 08:15:00+00:00,0.25339218571195365,short,2026-05-29,INTC
2026-05-29 12:15:00+00:00,2.216628775576479,short,2026-05-29,INTC
2026-05-29 14:30:00+00:00,0.4993652137113669,long,2026-05-29,INTC
2026-06-01 09:00:00+00:00,-1.9890510948905038,long,2026-06-01,INTC
2026-06-01 09:45:00+00:00,-0.4332196515807851,long,2026-06-01,INTC
2026-06-04 09:00:00+00:00,1.2991868398915862,long,2026-06-04,INTC
2026-06-05 13:00:00+00:00,-2.682563338301036,long,2026-06-05,INTC
2026-06-05 15:30:00+00:00,-1.7547242576166577,long,2026-06-05,INTC
2026-06-08 13:00:00+00:00,0.42674253200569723,short,2026-06-08,INTC
2026-06-08 15:00:00+00:00,1.5535714285714208,short,2026-06-08,INTC
2026-06-09 14:00:00+00:00,-7.266310741109406,long,2026-06-09,INTC
2026-06-09 15:15:00+00:00,-1.2670196671709544,long,2026-06-09,INTC
2026-06-10 13:30:00+00:00,2.572259589165604,short,2026-06-10,INTC
2026-06-10 14:30:00+00:00,3.2804811372334597,short,2026-06-10,INTC
2026-06-11 08:00:00+00:00,-2.3180007243752243,short,2026-06-11,INTC
2026-06-11 10:00:00+00:00,0.25663716814159354,short,2026-06-11,INTC
2026-06-11 12:45:00+00:00,-0.30278742541631765,short,2026-06-11,INTC
2026-06-11 13:15:00+00:00,1.2239147662234662,short,2026-06-11,INTC
2026-06-12 13:45:00+00:00,-1.3842561707805068,short,2026-06-12,INTC
2026-06-12 14:45:00+00:00,-1.4023994811932505,short,2026-06-12,INTC
2026-06-15 13:30:00+00:00,1.9628809287405402,short,2026-06-15,INTC
2026-06-16 14:15:00+00:00,-1.048664591184667,long,2026-06-16,INTC
2026-06-17 08:45:00+00:00,0.9235044132069214,short,2026-06-17,INTC
2026-06-17 13:45:00+00:00,2.669144353408215,long,2026-06-17,INTC
2026-06-19 15:30:00+00:00,0.467677453420845,long,2026-06-19,INTC
2026-06-22 13:30:00+00:00,1.1219583272621403,long,2026-06-22,INTC
2026-06-24 13:30:00+00:00,2.7675840978593103,long,2026-06-24,INTC
2026-06-25 13:30:00+00:00,-4.669403313297149,long,2026-06-25,INTC
2026-06-26 13:30:00+00:00,2.0844848006316585,long,2026-06-26,INTC
2026-06-26 14:00:00+00:00,1.4543784445805064,short,2026-06-26,INTC
2026-06-29 13:15:00+00:00,-1.5800644603411573,long,2026-06-29,INTC
2026-06-30 13:30:00+00:00,-3.7300704486466385,short,2026-06-30,INTC
2026-06-30 15:00:00+00:00,-0.8254465238739073,short,2026-06-30,INTC
2026-07-01 12:30:00+00:00,-4.581556111192819,long,2026-07-01,INTC
2026-07-01 15:45:00+00:00,-0.9075395594166813,long,2026-07-01,INTC
2026-07-03 15:00:00+00:00,1.163730402456764,short,2026-07-03,INTC
2026-07-06 13:30:00+00:00,0.7948493760432385,short,2026-07-06,INTC
2026-07-06 14:00:00+00:00,1.8125935849948704,short,2026-07-06,INTC
2026-07-07 13:15:00+00:00,-5.8267445857683065,long,2026-07-07,INTC
2026-07-08 08:15:00+00:00,-0.8125525357242869,long,2026-07-08,INTC
2026-07-08 09:00:00+00:00,2.3026944391362436,long,2026-07-08,INTC
2026-07-09 11:45:00+00:00,0.08644536652836488,short,2026-07-09,INTC
2026-07-09 13:30:00+00:00,3.232721660092619,short,2026-07-09,INTC
2026-07-10 08:00:00+00:00,0.2386415787058116,long,2026-07-10,INTC
2026-07-14 12:30:00+00:00,2.408182240818224,short,2026-07-14,INTC
2026-07-15 13:30:00+00:00,-5.194319880418541,long,2026-07-15,INTC
2026-07-16 08:00:00+00:00,0.8485574523310335,long,2026-07-16,INTC
2026-07-16 13:30:00+00:00,-0.4741727199354284,long,2026-07-16,INTC
2026-07-16 15:00:00+00:00,-1.9635627530364297,long,2026-07-16,INTC
2026-07-17 13:30:00+00:00,4.469149527515293,long,2026-07-17,INTC
2026-07-20 11:00:00+00:00,0.04096681687832948,short,2026-07-20,INTC
2026-07-20 11:30:00+00:00,-1.9532044760935952,short,2026-07-20,INTC
2026-07-20 12:15:00+00:00,-1.4695377079293914,short,2026-07-20,INTC
2026-07-20 13:30:00+00:00,1.7760925962881702,short,2026-07-20,INTC
2026-07-20 14:15:00+00:00,0.412350397264416,short,2026-07-20,INTC
2026-07-21 08:00:00+00:00,-0.25472714803567165,short,2026-07-21,INTC
2026-07-21 15:00:00+00:00,-0.526164737395951,short,2026-07-21,INTC
2026-07-22 13:45:00+00:00,0.31055900621117516,short,2026-07-22,INTC
2026-07-23 13:15:00+00:00,-0.39525691699605625,long,2026-07-23,INTC
2026-07-23 15:00:00+00:00,0.6774257820282958,long,2026-07-23,INTC
2026-07-24 09:30:00+00:00,3.43279393882705,short,2026-07-24,INTC
2026-07-24 13:15:00+00:00,-3.9367730390694966,long,2026-07-24,INTC
2026-07-24 14:30:00+00:00,-0.2695697252462437,long,2026-07-24,INTC
2026-07-27 11:15:00+00:00,-1.0896271765836962,long,2026-07-27,INTC
2026-07-27 13:15:00+00:00,-3.434496165892653,long,2026-07-27,INTC
2026-07-27 13:45:00+00:00,-2.008781558726669,long,2026-07-27,INTC
2026-07-28 13:45:00+00:00,3.4234446936607377,long,2026-07-28,INTC
2026-07-30 11:00:00+00:00,-2.2227505051705787,short,2026-07-30,INTC
2026-07-30 12:00:00+00:00,-7.6129032258064555,short,2026-07-30,INTC
2026-07-30 13:30:00+00:00,-2.5750111957008714,short,2026-07-30,INTC
2026-07-31 13:30:00+00:00,-1.6844349680170567,long,2026-07-31,INTC
2026-07-31 14:00:00+00:00,-1.1077651107765152,long,2026-07-31,INTC
2026-08-03 09:00:00+00:00,-1.6563604240282692,long,2026-08-03,INTC
2026-08-03 13:30:00+00:00,3.417039330352023,long,2026-08-03,INTC
2026-08-03 14:00:00+00:00,3.448669635720014,long,2026-08-03,INTC
2026-08-04 08:00:00+00:00,-0.6796219602845932,short,2026-08-04,INTC
2026-08-04 10:00:00+00:00,-0.9703617761839478,short,2026-08-04,INTC
2026-08-04 13:00:00+00:00,-3.7430924825357037,short,2026-08-04,INTC
2026-08-04 13:30:00+00:00,-2.5412439799159747,short,2026-08-04,INTC
2026-08-06 12:45:00+00:00,4.10225320804285,long,2026-08-06,INTC
2026-08-06 14:00:00+00:00,0.7530717399920728,short,2026-08-06,INTC
2026-08-06 14:45:00+00:00,1.6402989420557068,short,2026-08-06,INTC
2026-03-12 13:00:00+00:00,1.9308322131247668,short,2026-03-12,ORCL
2026-03-13 14:45:00+00:00,0.6418485237484006,long,2026-03-13,ORCL
2026-03-16 10:15:00+00:00,-0.13967367151292986,short,2026-03-16,ORCL
2026-03-16 10:45:00+00:00,0.006353240152490169,short,2026-03-16,ORCL
2026-03-16 11:30:00+00:00,0.6412291283093063,short,2026-03-16,ORCL
2026-03-16 12:15:00+00:00,0.15215875229821485,short,2026-03-16,ORCL
2026-03-17 13:30:00+00:00,1.9851116625310028,short,2026-03-17,ORCL
2026-03-18 12:45:00+00:00,-0.5863192182410493,long,2026-03-18,ORCL
2026-03-18 14:15:00+00:00,0.9986859395532344,long,2026-03-18,ORCL
2026-03-19 12:15:00+00:00,1.6723073860242854,long,2026-03-19,ORCL
2026-03-19 13:30:00+00:00,-0.8000520359047636,short,2026-03-19,ORCL
2026-03-19 14:45:00+00:00,-0.012867528791082883,short,2026-03-19,ORCL
2026-03-20 09:30:00+00:00,-0.4400155299598696,long,2026-03-20,ORCL
2026-03-20 10:45:00+00:00,0.39685121332377893,long,2026-03-20,ORCL
2026-03-20 13:30:00+00:00,-0.7402511566424352,long,2026-03-20,ORCL
2026-03-20 15:00:00+00:00,0.8389932081502183,long,2026-03-20,ORCL
2026-03-23 11:00:00+00:00,0.41346721795628705,short,2026-03-23,ORCL
2026-03-24 13:30:00+00:00,-0.8294314381270929,long,2026-03-24,ORCL
2026-03-25 15:00:00+00:00,-0.27992080289478416,long,2026-03-25,ORCL
2026-03-26 08:30:00+00:00,-0.17993079584774918,long,2026-03-26,ORCL
2026-03-26 12:30:00+00:00,1.1760612386917169,long,2026-03-26,ORCL
2026-03-26 13:15:00+00:00,0.6836891307381077,long,2026-03-26,ORCL
2026-03-27 08:30:00+00:00,-0.37955999156534803,long,2026-03-27,ORCL
2026-03-27 10:45:00+00:00,-0.631026659103795,long,2026-03-27,ORCL
2026-03-27 13:45:00+00:00,1.5499963953572227,long,2026-03-27,ORCL
2026-03-30 11:30:00+00:00,0.9854661467564751,short,2026-03-30,ORCL
2026-03-30 13:45:00+00:00,1.6682313858597642,long,2026-03-30,ORCL
2026-03-31 12:30:00+00:00,-0.9079302028656588,short,2026-03-31,ORCL
2026-03-31 13:30:00+00:00,-0.5224881734095854,short,2026-03-31,ORCL
2026-03-31 15:00:00+00:00,-1.621583840078289,short,2026-03-31,ORCL
2026-04-01 11:15:00+00:00,0.09330223258914305,short,2026-04-01,ORCL
2026-04-01 13:45:00+00:00,0.31377899045021973,long,2026-04-01,ORCL
2026-04-02 14:30:00+00:00,-0.17864504603546383,short,2026-04-02,ORCL
2026-04-03 14:00:00+00:00,0.08921218775734818,long,2026-04-03,ORCL
2026-04-03 14:30:00+00:00,-0.1442704039571363,long,2026-04-03,ORCL
2026-04-06 09:00:00+00:00,0.3926878808395262,short,2026-04-06,ORCL
2026-04-06 10:30:00+00:00,0.3318883771335601,short,2026-04-06,ORCL
2026-04-06 14:15:00+00:00,0.048349219505450236,long,2026-04-06,ORCL
2026-04-07 13:30:00+00:00,-1.4498815000697163,long,2026-04-07,ORCL
2026-04-08 13:45:00+00:00,-0.6038564468537677,long,2026-04-08,ORCL
2026-04-09 08:00:00+00:00,0.5602633237621779,long,2026-04-09,ORCL
2026-04-09 13:30:00+00:00,-1.6744383213226022,long,2026-04-09,ORCL
2026-04-10 10:30:00+00:00,-0.3430156181579269,long,2026-04-10,ORCL
2026-04-10 13:30:00+00:00,2.4340025001838406,long,2026-04-10,ORCL
2026-04-13 09:30:00+00:00,-0.14546512473634365,short,2026-04-13,ORCL
2026-04-13 10:45:00+00:00,-0.32002327441995604,short,2026-04-13,ORCL
2026-04-13 12:45:00+00:00,-9.396070470528507,short,2026-04-13,ORCL
2026-04-14 09:15:00+00:00,0.4912194522903146,short,2026-04-14,ORCL
2026-04-14 13:15:00+00:00,3.106218387384707,short,2026-04-14,ORCL
2026-04-15 13:30:00+00:00,-0.35190615835776207,short,2026-04-15,ORCL
2026-04-15 14:45:00+00:00,2.3855017080655405,short,2026-04-15,ORCL
2026-04-16 08:00:00+00:00,0.22191874359850372,short,2026-04-16,ORCL
2026-04-16 09:00:00+00:00,0.9875141884222338,short,2026-04-16,ORCL
2026-04-16 12:00:00+00:00,1.3341555019900198,short,2026-04-16,ORCL
2026-04-16 13:30:00+00:00,1.5572858731924377,short,2026-04-16,ORCL
2026-04-17 08:30:00+00:00,0.18164804315515815,short,2026-04-17,ORCL
2026-04-17 12:45:00+00:00,2.6696930393428464,short,2026-04-17,ORCL
2026-04-17 13:30:00+00:00,3.994371075990477,short,2026-04-17,ORCL
2026-04-20 13:15:00+00:00,1.546594679714297,short,2026-04-20,ORCL
2026-04-21 08:30:00+00:00,0.2561247216035678,short,2026-04-21,ORCL
2026-04-21 11:15:00+00:00,1.0656602098018442,short,2026-04-21,ORCL
2026-04-21 11:45:00+00:00,0.016646321163027444,short,2026-04-21,ORCL
2026-04-21 14:00:00+00:00,-1.31680440771349,short,2026-04-21,ORCL
2026-04-21 15:45:00+00:00,-0.14153511159500365,short,2026-04-21,ORCL
2026-04-22 09:30:00+00:00,0.7129455909943738,short,2026-04-22,ORCL
2026-04-22 12:00:00+00:00,0.5048357955149463,short,2026-04-22,ORCL
2026-04-22 14:15:00+00:00,-0.3726179069519775,short,2026-04-22,ORCL
2026-04-23 13:15:00+00:00,-0.1826939046669862,long,2026-04-23,ORCL
2026-04-24 11:15:00+00:00,0.20443118404331884,short,2026-04-24,ORCL
2026-04-24 13:45:00+00:00,-2.064981123441245,long,2026-04-24,ORCL
2026-04-27 09:30:00+00:00,-0.24522683482222085,long,2026-04-27,ORCL
2026-04-27 11:00:00+00:00,1.5592942141977817,long,2026-04-27,ORCL
2026-04-27 13:45:00+00:00,1.4262042845307077,long,2026-04-27,ORCL
2026-04-28 08:00:00+00:00,-1.1196263920488558,long,2026-04-28,ORCL
2026-04-29 08:00:00+00:00,0.012125621438108247,long,2026-04-29,ORCL
2026-04-29 11:30:00+00:00,-1.0801244889241501,long,2026-04-29,ORCL
2026-04-29 13:30:00+00:00,0.8636644046884578,long,2026-04-29,ORCL
2026-05-01 10:45:00+00:00,-0.8597036766050836,short,2026-05-01,ORCL
2026-05-01 11:30:00+00:00,-3.589056120894507,short,2026-05-01,ORCL
2026-05-04 08:30:00+00:00,0.33382369582437565,short,2026-05-04,ORCL
2026-05-04 13:45:00+00:00,-1.1370569637805916,short,2026-05-04,ORCL
2026-05-05 08:00:00+00:00,0.2701680445236887,short,2026-05-05,ORCL
2026-05-05 13:30:00+00:00,2.089951513124899,long,2026-05-05,ORCL
2026-05-06 10:15:00+00:00,0.9000423549343384,short,2026-05-06,ORCL
2026-05-06 15:45:00+00:00,0.28613047549683746,short,2026-05-06,ORCL
2026-05-07 08:00:00+00:00,-0.3760162601625927,short,2026-05-07,ORCL
2026-05-07 09:15:00+00:00,-1.1146978714819067,short,2026-05-07,ORCL
2026-05-07 11:00:00+00:00,1.2937709176282564,short,2026-05-07,ORCL
2026-05-08 14:00:00+00:00,-0.6228621024148673,short,2026-05-08,ORCL
2026-05-11 08:30:00+00:00,-0.6863099231126379,long,2026-05-11,ORCL
2026-05-11 12:00:00+00:00,0.9986476646208331,long,2026-05-11,ORCL
2026-05-12 13:00:00+00:00,5.367681018114645,short,2026-05-12,ORCL
2026-05-12 13:30:00+00:00,-2.4051168199598294,long,2026-05-12,ORCL
2026-05-12 15:00:00+00:00,-0.9760858955587981,long,2026-05-12,ORCL
2026-05-13 08:45:00+00:00,0.2703132453490187,short,2026-05-13,ORCL
2026-05-13 09:30:00+00:00,0.07367257801400573,short,2026-05-13,ORCL
2026-05-13 11:00:00+00:00,1.1662269129287695,short,2026-05-13,ORCL
2026-05-13 11:30:00+00:00,1.3692137553320327,short,2026-05-13,ORCL
2026-05-14 13:15:00+00:00,5.927616217363618,long,2026-05-14,ORCL
2026-05-14 14:15:00+00:00,-1.6395962494235805,short,2026-05-14,ORCL
2026-05-15 14:30:00+00:00,0.6973286161103487,short,2026-05-15,ORCL
2026-05-18 13:30:00+00:00,0.29176572293061476,long,2026-05-18,ORCL
2026-05-19 14:15:00+00:00,0.4160735793277137,long,2026-05-19,ORCL
2026-05-20 13:15:00+00:00,2.211261361117267,long,2026-05-20,ORCL
2026-05-20 14:45:00+00:00,-0.01626457034427098,short,2026-05-20,ORCL
2026-05-21 08:15:00+00:00,-0.2897481824886805,short,2026-05-21,ORCL
2026-05-21 09:00:00+00:00,0.25166465684475225,short,2026-05-21,ORCL
2026-05-22 09:00:00+00:00,0.19480861369978175,long,2026-05-22,ORCL
2026-05-22 13:30:00+00:00,1.4705882352941124,short,2026-05-22,ORCL
2026-05-26 14:00:00+00:00,1.3347707787874086,short,2026-05-26,ORCL
2026-05-26 15:45:00+00:00,-0.5308352849336506,long,2026-05-26,ORCL
2026-05-27 13:30:00+00:00,0.10057699433592138,long,2026-05-27,ORCL
2026-05-27 15:15:00+00:00,-0.13727560718057585,long,2026-05-27,ORCL
2026-05-28 13:45:00+00:00,-2.2828058859100997,short,2026-05-28,ORCL
2026-05-28 14:45:00+00:00,-0.23164120256284892,short,2026-05-28,ORCL
2026-05-29 13:30:00+00:00,-1.5126436781609076,short,2026-05-29,ORCL
2026-05-29 14:45:00+00:00,-1.7951521778749813,short,2026-05-29,ORCL
2026-06-01 08:15:00+00:00,1.4004754700670086,long,2026-06-01,ORCL
2026-06-01 14:45:00+00:00,-3.305715959494515,short,2026-06-01,ORCL
2026-06-02 14:00:00+00:00,1.6540870403083385,short,2026-06-02,ORCL
2026-06-03 11:15:00+00:00,0.8456486042693001,short,2026-06-03,ORCL
2026-06-03 13:30:00+00:00,-0.6298261507268865,long,2026-06-03,ORCL
2026-06-04 13:45:00+00:00,-0.6847840130927318,short,2026-06-04,ORCL
2026-06-05 13:30:00+00:00,-2.852558388304516,long,2026-06-05,ORCL
2026-06-09 09:45:00+00:00,0.5851455952819662,short,2026-06-09,ORCL
2026-06-09 13:30:00+00:00,5.679364058264024,short,2026-06-09,ORCL
2026-06-09 14:30:00+00:00,-4.633960103082934,long,2026-06-09,ORCL
2026-06-09 15:15:00+00:00,-0.7304601899196461,long,2026-06-09,ORCL
2026-06-10 08:00:00+00:00,-0.348831414760542,long,2026-06-10,ORCL
2026-06-10 11:15:00+00:00,0.1409585179218631,long,2026-06-10,ORCL
2026-06-10 13:30:00+00:00,0.48216007714561027,short,2026-06-10,ORCL
2026-06-10 14:15:00+00:00,2.9585240409569225,short,2026-06-10,ORCL
2026-06-12 13:45:00+00:00,0.5666351869340724,long,2026-06-12,ORCL
2026-06-15 08:15:00+00:00,-0.5355736413756862,short,2026-06-15,ORCL
2026-06-15 09:00:00+00:00,0.7603167112369635,short,2026-06-15,ORCL
2026-06-15 09:30:00+00:00,1.4406514249921787,short,2026-06-15,ORCL
2026-06-15 13:45:00+00:00,-0.9394301136658623,short,2026-06-15,ORCL
2026-06-15 14:15:00+00:00,-0.6496184780367065,short,2026-06-15,ORCL
2026-06-15 15:00:00+00:00,0.8306414397785011,short,2026-06-15,ORCL
2026-06-18 10:45:00+00:00,-0.16793066088840458,long,2026-06-18,ORCL
2026-06-18 13:30:00+00:00,2.043763190047776,long,2026-06-18,ORCL
2026-06-19 12:45:00+00:00,0.09747644319290094,short,2026-06-19,ORCL
2026-06-22 13:45:00+00:00,3.4257393388159807,short,2026-06-22,ORCL
2026-06-22 14:15:00+00:00,-2.9901987928456775,long,2026-06-22,ORCL
2026-06-23 09:30:00+00:00,1.7541780253644612,long,2026-06-23,ORCL
2026-06-23 10:15:00+00:00,1.1886457717327215,long,2026-06-23,ORCL
2026-06-24 12:30:00+00:00,-2.285541073052433,long,2026-06-24,ORCL
2026-06-24 13:45:00+00:00,-2.120858179135665,long,2026-06-24,ORCL
2026-06-25 08:00:00+00:00,0.45409305797461386,short,2026-06-25,ORCL
2026-06-25 12:15:00+00:00,-3.0718665065419426,long,2026-06-25,ORCL
2026-06-25 13:30:00+00:00,-1.1579015460249642,long,2026-06-25,ORCL
2026-06-25 15:00:00+00:00,0.766232908382336,long,2026-06-25,ORCL
2026-06-26 13:30:00+00:00,0.6723237597911269,short,2026-06-26,ORCL
2026-06-29 08:30:00+00:00,-0.8440198900811158,short,2026-06-29,ORCL
2026-06-29 12:00:00+00:00,5.726076863554308,short,2026-06-29,ORCL
2026-06-29 13:45:00+00:00,-0.21387515038095994,long,2026-06-29,ORCL
2026-06-30 13:15:00+00:00,-1.1433597185576017,long,2026-06-30,ORCL
2026-06-30 14:45:00+00:00,1.3414969730324522,long,2026-06-30,ORCL
2026-07-01 08:30:00+00:00,-0.7397444519166241,short,2026-07-01,ORCL
2026-07-01 09:30:00+00:00,0.3613006824568554,short,2026-07-01,ORCL
2026-07-01 12:45:00+00:00,0.07567939456485373,long,2026-07-01,ORCL
2026-07-01 13:15:00+00:00,1.4960520847762782,long,2026-07-01,ORCL
2026-07-02 13:30:00+00:00,3.05353964124333,short,2026-07-02,ORCL
2026-07-06 08:30:00+00:00,1.292604939111508,short,2026-07-06,ORCL
2026-07-07 08:30:00+00:00,-0.054907343857246715,short,2026-07-07,ORCL
2026-07-07 14:00:00+00:00,0.014234875444851802,long,2026-07-07,ORCL
2026-07-08 08:15:00+00:00,-0.143709132715375,long,2026-07-08,ORCL
2026-07-09 08:15:00+00:00,0.4882131399079337,short,2026-07-09,ORCL
2026-07-09 13:30:00+00:00,0.22427619953784284,short,2026-07-09,ORCL
2026-07-10 08:45:00+00:00,-0.24600246002459691,short,2026-07-10,ORCL
2026-07-10 13:30:00+00:00,-1.5799776286353429,long,2026-07-10,ORCL
2026-07-13 13:30:00+00:00,-1.1825304701102657,long,2026-07-13,ORCL
2026-07-13 14:30:00+00:00,-1.14840989399293,long,2026-07-13,ORCL
2026-07-14 11:00:00+00:00,0.5625770653514328,long,2026-07-14,ORCL
2026-07-15 08:45:00+00:00,0.38352381682902337,short,2026-07-15,ORCL
2026-07-15 13:15:00+00:00,-0.9104123632468708,short,2026-07-15,ORCL
2026-07-15 13:45:00+00:00,-1.0554493307839419,short,2026-07-15,ORCL
2026-07-16 09:00:00+00:00,0.20839535576064883,short,2026-07-16,ORCL
2026-07-16 13:30:00+00:00,-0.5652822485671671,long,2026-07-16,ORCL
2026-07-17 08:15:00+00:00,1.5751278245093259,long,2026-07-17,ORCL
2026-07-17 13:45:00+00:00,-1.5266565422428213,short,2026-07-17,ORCL
2026-07-20 11:00:00+00:00,-0.6585733555502626,long,2026-07-20,ORCL
2026-07-20 12:30:00+00:00,-2.3598112151027917,long,2026-07-20,ORCL
2026-07-20 13:15:00+00:00,-1.5095551629998427,long,2026-07-20,ORCL
2026-07-20 13:45:00+00:00,-0.008190679007291646,long,2026-07-20,ORCL
2026-07-21 13:30:00+00:00,0.5794110643701833,short,2026-07-21,ORCL
2026-07-22 12:15:00+00:00,1.6066173546488427,long,2026-07-22,ORCL
2026-07-22 13:45:00+00:00,1.7226595993452332,short,2026-07-22,ORCL
2026-07-23 12:00:00+00:00,-1.45851597991552,long,2026-07-23,ORCL
2026-07-23 13:30:00+00:00,-2.8709677419354818,long,2026-07-23,ORCL
2026-07-23 14:30:00+00:00,-1.1603203137767637,long,2026-07-23,ORCL
2026-07-24 13:30:00+00:00,-0.3450016829350311,long,2026-07-24,ORCL
2026-07-27 08:00:00+00:00,-0.016881911032329278,short,2026-07-27,ORCL
2026-07-27 09:30:00+00:00,0.3290306251581887,short,2026-07-27,ORCL
2026-07-27 13:30:00+00:00,1.3183915622939968,short,2026-07-27,ORCL
2026-07-28 13:30:00+00:00,3.881987577639756,long,2026-07-28,ORCL
2026-07-29 14:30:00+00:00,0.22931883811789788,long,2026-07-29,ORCL
2026-07-30 11:30:00+00:00,-3.7519714451730746,short,2026-07-30,ORCL
2026-07-30 12:45:00+00:00,-3.728591330000808,short,2026-07-30,ORCL
2026-07-31 08:15:00+00:00,0.45433893684688753,short,2026-07-31,ORCL
2026-07-31 14:00:00+00:00,1.213649617779189,long,2026-07-31,ORCL
2026-08-03 11:30:00+00:00,-1.6674143861223234,short,2026-08-03,ORCL
2026-08-03 13:30:00+00:00,-1.1473119070383175,short,2026-08-03,ORCL
2026-08-03 14:30:00+00:00,-2.1251819505094582,short,2026-08-03,ORCL
2026-08-04 09:15:00+00:00,0.8223096174472699,long,2026-08-04,ORCL
2026-08-05 08:30:00+00:00,0.615729079205174,long,2026-08-05,ORCL
2026-08-06 13:30:00+00:00,-0.5200027733481161,short,2026-08-06,ORCL
2026-03-05 09:00:00+00:00,0.4604111276830358,short,2026-03-05,PLTR
2026-03-05 14:45:00+00:00,2.2476946721311397,short,2026-03-05,PLTR
2026-03-06 09:15:00+00:00,-0.13175230566535578,long,2026-03-06,PLTR
2026-03-06 15:00:00+00:00,-0.9954751131221906,short,2026-03-06,PLTR
2026-03-09 12:45:00+00:00,0.7702182284980874,short,2026-03-09,PLTR
2026-03-10 14:00:00+00:00,-0.23771790808240212,long,2026-03-10,PLTR
2026-03-10 15:15:00+00:00,0.9759012148974344,long,2026-03-10,PLTR
2026-03-11 09:45:00+00:00,-0.013351134846473212,long,2026-03-11,PLTR
2026-03-11 13:30:00+00:00,1.7833726724364007,short,2026-03-11,PLTR
2026-03-12 10:45:00+00:00,0.8717881489250234,short,2026-03-12,PLTR
2026-03-12 13:15:00+00:00,-0.17643599294256962,short,2026-03-12,PLTR
2026-03-12 14:30:00+00:00,-0.5712431028886744,short,2026-03-12,PLTR
2026-03-12 15:30:00+00:00,0.22653721682847072,short,2026-03-12,PLTR
2026-03-13 08:00:00+00:00,0.9431473420393077,long,2026-03-13,PLTR
2026-03-13 11:00:00+00:00,-0.5399076302608607,short,2026-03-13,PLTR
2026-03-13 14:45:00+00:00,1.2344022541258548,long,2026-03-13,PLTR
2026-03-16 08:30:00+00:00,0.31756533245119734,long,2026-03-16,PLTR
2026-03-16 09:00:00+00:00,0.2979145978152964,long,2026-03-16,PLTR
2026-03-16 11:30:00+00:00,0.14439485429248444,short,2026-03-16,PLTR
2026-03-16 14:00:00+00:00,0.366300366300365,short,2026-03-16,PLTR
2026-03-17 08:45:00+00:00,0.19825535289452745,long,2026-03-17,PLTR
2026-03-17 13:30:00+00:00,-0.05157297576068309,short,2026-03-17,PLTR
2026-03-18 08:15:00+00:00,0.006401638819553135,short,2026-03-18,PLTR
2026-03-18 12:30:00+00:00,-0.34324201800401966,long,2026-03-18,PLTR
2026-03-18 14:30:00+00:00,0.08448141408889942,long,2026-03-18,PLTR
2026-03-19 08:30:00+00:00,0.3177124702144596,long,2026-03-19,PLTR
2026-03-19 15:00:00+00:00,0.7838818346721954,short,2026-03-19,PLTR
2026-03-20 09:30:00+00:00,-0.2457956015523899,long,2026-03-20,PLTR
2026-03-20 13:30:00+00:00,-0.261369576581294,long,2026-03-20,PLTR
2026-03-23 11:00:00+00:00,1.158876084423166,short,2026-03-23,PLTR
2026-03-23 13:30:00+00:00,0.03798670465336995,short,2026-03-23,PLTR
2026-03-24 13:30:00+00:00,-1.0009624639076065,long,2026-03-24,PLTR
2026-03-25 14:00:00+00:00,2.395322519803844,short,2026-03-25,PLTR
2026-03-25 15:30:00+00:00,0.532631714047338,long,2026-03-25,PLTR
2026-03-26 08:00:00+00:00,-0.026085822355548238,long,2026-03-26,PLTR
2026-03-26 09:30:00+00:00,-0.4639916350803852,long,2026-03-26,PLTR
2026-03-26 11:30:00+00:00,-1.0439235769155064,long,2026-03-26,PLTR
2026-03-26 13:30:00+00:00,-0.21894904458599207,long,2026-03-26,PLTR
2026-03-27 09:00:00+00:00,-0.8382743815170679,long,2026-03-27,PLTR
2026-03-27 10:45:00+00:00,-0.7968127490040056,long,2026-03-27,PLTR
2026-03-27 12:00:00+00:00,-0.9138110072689498,long,2026-03-27,PLTR
2026-03-27 13:45:00+00:00,2.1748310810810523,long,2026-03-27,PLTR
2026-03-30 13:45:00+00:00,0.8367607431569946,long,2026-03-30,PLTR
2026-03-31 12:15:00+00:00,-2.3966704936853933,short,2026-03-31,PLTR
2026-03-31 13:45:00+00:00,-0.9785845979293661,short,2026-03-31,PLTR
2026-04-01 13:30:00+00:00,1.430820839323621,long,2026-04-01,PLTR
2026-04-02 14:00:00+00:00,-1.4202978488692786,short,2026-04-02,PLTR
2026-04-03 13:00:00+00:00,-0.027034333603692673,long,2026-04-03,PLTR
2026-04-03 14:45:00+00:00,0.11495030089931912,long,2026-04-03,PLTR
2026-04-07 14:00:00+00:00,2.393928941014134,long,2026-04-07,PLTR
2026-04-08 13:30:00+00:00,-2.904865649963695,long,2026-04-08,PLTR
2026-04-08 14:45:00+00:00,-1.648128052088993,long,2026-04-08,PLTR
2026-04-09 12:30:00+00:00,-7.7901769848603415,long,2026-04-09,PLTR
2026-04-10 11:45:00+00:00,-3.355288647810939,long,2026-04-10,PLTR
2026-04-10 13:15:00+00:00,0.5678724231816368,long,2026-04-10,PLTR
2026-04-13 08:30:00+00:00,1.3697599157070806,short,2026-04-13,PLTR
2026-04-13 14:45:00+00:00,0.46334354682011636,short,2026-04-13,PLTR
2026-04-14 12:45:00+00:00,-1.1633938495739349,short,2026-04-14,PLTR
2026-04-14 13:30:00+00:00,0.7962016070124256,short,2026-04-14,PLTR
2026-04-15 13:30:00+00:00,-1.1392496916043715,short,2026-04-15,PLTR
2026-04-15 14:45:00+00:00,-0.5114536810257864,short,2026-04-15,PLTR
2026-04-15 15:45:00+00:00,-0.42762454564890806,short,2026-04-15,PLTR
2026-04-16 13:45:00+00:00,2.57379153001569,long,2026-04-16,PLTR
2026-04-17 08:15:00+00:00,-0.13895643715693407,short,2026-04-17,PLTR
2026-04-17 13:15:00+00:00,-1.8111700296122857,short,2026-04-17,PLTR
2026-04-20 13:30:00+00:00,1.148639409271146,short,2026-04-20,PLTR
2026-04-21 08:30:00+00:00,-0.013582342954165938,short,2026-04-21,PLTR
2026-04-21 09:45:00+00:00,-0.013579576317224173,short,2026-04-21,PLTR
2026-04-21 11:00:00+00:00,0.25111985882991794,short,2026-04-21,PLTR
2026-04-21 13:45:00+00:00,0.48605954229392623,short,2026-04-21,PLTR
2026-04-22 13:15:00+00:00,-1.987870619946075,short,2026-04-22,PLTR
2026-04-23 13:30:00+00:00,-2.0204741379310387,long,2026-04-23,PLTR
2026-04-24 13:30:00+00:00,-0.021229920033971617,long,2026-04-24,PLTR
2026-04-27 08:00:00+00:00,-0.26919807310852306,long,2026-04-27,PLTR
2026-04-27 09:45:00+00:00,-0.22688598979012653,long,2026-04-27,PLTR
2026-04-27 11:00:00+00:00,0.0355239786856254,long,2026-04-27,PLTR
2026-04-27 12:15:00+00:00,2.7359295054008026,long,2026-04-27,PLTR
2026-04-27 13:30:00+00:00,0.4722222222222294,short,2026-04-27,PLTR
2026-04-27 14:00:00+00:00,0.38220986796386747,short,2026-04-27,PLTR
2026-04-28 11:15:00+00:00,0.4868411768856218,long,2026-04-28,PLTR
2026-04-29 13:15:00+00:00,-2.028571428571435,long,2026-04-29,PLTR
2026-04-30 10:15:00+00:00,0.007181844297632356,short,2026-04-30,PLTR
2026-05-01 12:15:00+00:00,-0.2666666666666595,short,2026-05-01,PLTR
2026-05-01 12:45:00+00:00,-1.0868803029240537,short,2026-05-01,PLTR
2026-05-01 14:45:00+00:00,-0.08324084350721517,short,2026-05-01,PLTR
2026-05-04 09:30:00+00:00,-0.06096321885795675,short,2026-05-04,PLTR
2026-05-04 11:00:00+00:00,0.13505300830577438,short,2026-05-04,PLTR
2026-05-04 13:30:00+00:00,1.347436502054844,short,2026-05-04,PLTR
2026-05-05 12:00:00+00:00,3.6845015899350075,short,2026-05-05,PLTR
2026-05-05 13:45:00+00:00,-1.5729850638574239,long,2026-05-05,PLTR
2026-05-05 14:15:00+00:00,-2.0040515120821945,long,2026-05-05,PLTR
2026-05-06 11:30:00+00:00,1.820840950639857,short,2026-05-06,PLTR
2026-05-07 08:00:00+00:00,0.4584442472641226,short,2026-05-07,PLTR
2026-05-07 11:00:00+00:00,-0.169341775879861,short,2026-05-07,PLTR
2026-05-07 13:30:00+00:00,-1.0135379714761417,short,2026-05-07,PLTR
2026-05-08 13:15:00+00:00,0.3383596910629061,long,2026-05-08,PLTR
2026-05-11 11:45:00+00:00,-0.3104671791839042,long,2026-05-11,PLTR
2026-05-11 13:30:00+00:00,0.5977286312014218,long,2026-05-11,PLTR
2026-05-12 12:45:00+00:00,0.5874577764723221,short,2026-05-12,PLTR
2026-05-13 11:45:00+00:00,-1.8335058406032778,long,2026-05-13,PLTR
2026-05-14 10:00:00+00:00,0.4046728258379817,short,2026-05-14,PLTR
2026-05-14 13:30:00+00:00,-1.31508931965032,short,2026-05-14,PLTR
2026-05-14 14:00:00+00:00,-1.4838367779544281,short,2026-05-14,PLTR
2026-05-15 14:00:00+00:00,-0.17132216014896784,short,2026-05-15,PLTR
2026-05-15 14:30:00+00:00,-0.08184523809522393,short,2026-05-15,PLTR
2026-05-18 13:45:00+00:00,1.6358253145817958,short,2026-05-18,PLTR
2026-05-19 13:45:00+00:00,1.229297018770692,short,2026-05-19,PLTR
2026-05-19 15:00:00+00:00,0.8013527422437883,short,2026-05-19,PLTR
2026-05-20 14:45:00+00:00,0.15382361558746727,short,2026-05-20,PLTR
2026-05-21 13:30:00+00:00,-0.029080334423836618,short,2026-05-21,PLTR
2026-05-21 14:45:00+00:00,1.0613718411552342,short,2026-05-21,PLTR
2026-05-22 09:00:00+00:00,0.09460737937558861,long,2026-05-22,PLTR
2026-05-22 14:00:00+00:00,0.6995581737849754,long,2026-05-22,PLTR
2026-05-26 13:30:00+00:00,2.9118260351504333,long,2026-05-26,PLTR
2026-05-26 15:15:00+00:00,0.2683492892370243,short,2026-05-26,PLTR
2026-05-27 13:15:00+00:00,0.24689510698789885,long,2026-05-27,PLTR
2026-05-28 13:30:00+00:00,-3.1544811320754818,short,2026-05-28,PLTR
2026-05-29 12:00:00+00:00,-4.878378378378367,short,2026-05-29,PLTR
2026-05-29 13:30:00+00:00,-2.6038599934576467,short,2026-05-29,PLTR
2026-06-01 08:15:00+00:00,1.2157480314960667,long,2026-06-01,PLTR
2026-06-01 11:00:00+00:00,0.8127077946065708,short,2026-06-01,PLTR
2026-06-01 14:15:00+00:00,3.0279800689919645,long,2026-06-01,PLTR
2026-06-02 13:45:00+00:00,0.3392041748206065,long,2026-06-02,PLTR
2026-06-02 14:15:00+00:00,1.1964238758874535,long,2026-06-02,PLTR
2026-06-03 13:30:00+00:00,-0.9478672985781977,long,2026-06-03,PLTR
2026-06-04 09:45:00+00:00,-1.3255604136303667,short,2026-06-04,PLTR
2026-06-04 11:15:00+00:00,-0.9415674328441037,short,2026-06-04,PLTR
2026-06-04 14:15:00+00:00,0.3396306516663117,long,2026-06-04,PLTR
2026-06-05 09:00:00+00:00,0.6315789473684275,short,2026-06-05,PLTR
2026-06-05 13:45:00+00:00,-0.2245400550485277,long,2026-06-05,PLTR
2026-06-09 13:15:00+00:00,-2.8755651078336886,long,2026-06-09,PLTR
2026-06-09 14:00:00+00:00,-3.7191312109491226,long,2026-06-09,PLTR
2026-06-10 08:00:00+00:00,0.04632131552535501,long,2026-06-10,PLTR
2026-06-11 14:45:00+00:00,0.6391270459859655,long,2026-06-11,PLTR
2026-06-12 13:30:00+00:00,0.8459971800094168,long,2026-06-12,PLTR
2026-06-12 15:45:00+00:00,0.9448074954728103,long,2026-06-12,PLTR
2026-06-15 14:15:00+00:00,-1.7726484121596053,short,2026-06-15,PLTR
2026-06-16 14:00:00+00:00,-0.34338038916444935,long,2026-06-16,PLTR
2026-06-17 13:30:00+00:00,-0.513851653261832,short,2026-06-17,PLTR
2026-06-18 10:45:00+00:00,0.022893772893772812,long,2026-06-18,PLTR
2026-06-18 12:30:00+00:00,-2.344827586206899,long,2026-06-18,PLTR
2026-06-18 13:30:00+00:00,-1.2730396751015283,long,2026-06-18,PLTR
2026-06-18 15:15:00+00:00,1.808275426405559,long,2026-06-18,PLTR
2026-06-19 08:00:00+00:00,0.2497268612455361,long,2026-06-19,PLTR
2026-06-22 13:15:00+00:00,-2.262084292404154,long,2026-06-22,PLTR
2026-06-22 14:15:00+00:00,-3.3402922755741193,long,2026-06-22,PLTR
2026-06-22 15:45:00+00:00,-1.1855122230398196,long,2026-06-22,PLTR
2026-06-24 13:00:00+00:00,1.5268515268515248,long,2026-06-24,PLTR
2026-06-25 08:00:00+00:00,-0.06191950464395912,long,2026-06-25,PLTR
2026-06-25 11:15:00+00:00,-0.9325872635225108,long,2026-06-25,PLTR
2026-06-26 13:30:00+00:00,-3.230769230769215,short,2026-06-26,PLTR
2026-06-29 08:15:00+00:00,0.49167601138618844,short,2026-06-29,PLTR
2026-06-29 09:45:00+00:00,-1.4259787399533375,short,2026-06-29,PLTR
2026-06-29 10:45:00+00:00,-1.0693342531907568,short,2026-06-29,PLTR
2026-06-29 12:45:00+00:00,-0.5802047781569897,short,2026-06-29,PLTR
2026-06-29 13:30:00+00:00,1.3991350801322855,short,2026-06-29,PLTR
2026-06-29 14:15:00+00:00,2.028226147215406,short,2026-06-29,PLTR
2026-06-30 12:15:00+00:00,0.362475187710376,long,2026-06-30,PLTR
2026-06-30 13:15:00+00:00,2.1873101293290675,long,2026-06-30,PLTR
2026-07-01 08:00:00+00:00,-0.2947120242505763,short,2026-07-01,PLTR
2026-07-01 10:15:00+00:00,-1.0113674356402536,short,2026-07-01,PLTR
2026-07-01 12:15:00+00:00,-3.2933388498138205,short,2026-07-01,PLTR
2026-07-01 13:30:00+00:00,-3.3829718355454785,short,2026-07-01,PLTR
2026-07-02 08:15:00+00:00,-2.6009743831525878,short,2026-07-02,PLTR
2026-07-02 09:30:00+00:00,-2.5385453979131167,short,2026-07-02,PLTR
2026-07-02 11:30:00+00:00,-0.888517618468998,short,2026-07-02,PLTR
2026-07-02 13:30:00+00:00,2.4915318027850963,short,2026-07-02,PLTR
2026-07-03 15:00:00+00:00,-0.023275661416688465,long,2026-07-03,PLTR
2026-07-06 15:00:00+00:00,-0.4296698326549109,short,2026-07-06,PLTR
2026-07-07 11:30:00+00:00,1.4755791648221939,short,2026-07-07,PLTR
2026-07-07 14:00:00+00:00,2.627195639006663,long,2026-07-07,PLTR
2026-07-08 08:30:00+00:00,0.13820638820636333,long,2026-07-08,PLTR
2026-07-08 09:00:00+00:00,-0.03852376916556599,long,2026-07-08,PLTR
2026-07-08 13:45:00+00:00,0.49268788613434644,long,2026-07-08,PLTR
2026-07-09 08:00:00+00:00,-0.022904260192391224,long,2026-07-09,PLTR
2026-07-09 14:15:00+00:00,0.9222451900143147,long,2026-07-09,PLTR
2026-07-10 08:00:00+00:00,0.42836380325862455,short,2026-07-10,PLTR
2026-07-10 13:15:00+00:00,4.386363636363644,short,2026-07-10,PLTR
2026-07-10 13:45:00+00:00,-0.524667188723571,long,2026-07-10,PLTR
2026-07-13 08:00:00+00:00,0.28856652628295176,short,2026-07-13,PLTR
2026-07-13 14:15:00+00:00,-0.18565792527267533,short,2026-07-13,PLTR
2026-07-13 15:15:00+00:00,0.49208057819468687,short,2026-07-13,PLTR
2026-07-14 08:00:00+00:00,0.45326664582681087,long,2026-07-14,PLTR
2026-07-14 11:00:00+00:00,-2.1514766592569012,long,2026-07-14,PLTR
2026-07-15 08:15:00+00:00,0.4449718184514895,short,2026-07-15,PLTR
2026-07-16 08:00:00+00:00,0.2072232089994075,short,2026-07-16,PLTR
2026-07-16 09:00:00+00:00,0.05172159006945343,short,2026-07-16,PLTR
2026-07-16 13:30:00+00:00,2.248145859085282,long,2026-07-16,PLTR
2026-07-17 13:00:00+00:00,1.9439944457301683,long,2026-07-17,PLTR
2026-07-17 13:30:00+00:00,1.373562774905479,long,2026-07-17,PLTR
2026-07-20 10:15:00+00:00,-0.5578907145586509,long,2026-07-20,PLTR
2026-07-20 12:15:00+00:00,2.1057485398094045,long,2026-07-20,PLTR
2026-07-20 13:30:00+00:00,1.2127486504473706,short,2026-07-20,PLTR
2026-07-21 11:15:00+00:00,0.34446607757976366,long,2026-07-21,PLTR
2026-07-21 15:00:00+00:00,-0.1956505380389717,long,2026-07-21,PLTR
2026-07-22 13:30:00+00:00,-1.5404963821675888,long,2026-07-22,PLTR
2026-07-23 11:00:00+00:00,0.2293033921087928,short,2026-07-23,PLTR
2026-07-23 13:30:00+00:00,-1.7487046632124303,long,2026-07-23,PLTR
2026-07-23 14:00:00+00:00,-1.505463375151761,long,2026-07-23,PLTR
2026-07-23 14:30:00+00:00,-0.30268324607328756,long,2026-07-23,PLTR
2026-07-24 13:45:00+00:00,0.8822087894134967,long,2026-07-24,PLTR
2026-07-27 08:00:00+00:00,0.11203585147246953,short,2026-07-27,PLTR
2026-07-27 11:00:00+00:00,-0.4157006954992326,short,2026-07-27,PLTR
2026-07-27 12:30:00+00:00,-0.8618625807996105,short,2026-07-27,PLTR
2026-07-27 15:00:00+00:00,-2.1664588528678363,short,2026-07-27,PLTR
2026-07-28 10:30:00+00:00,-1.4522015997515014,long,2026-07-28,PLTR
2026-07-28 13:30:00+00:00,2.454748326307965,long,2026-07-28,PLTR
2026-07-30 10:45:00+00:00,0.17252711140323118,long,2026-07-30,PLTR
2026-07-30 13:15:00+00:00,-0.27232216537383946,long,2026-07-30,PLTR
2026-07-30 14:15:00+00:00,0.5947955390334547,long,2026-07-30,PLTR
2026-07-30 15:00:00+00:00,1.576501825423171,long,2026-07-30,PLTR
2026-07-31 11:00:00+00:00,-0.17943071527607435,long,2026-07-31,PLTR
2026-07-31 14:00:00+00:00,0.8252867871585412,long,2026-07-31,PLTR
2026-08-03 08:15:00+00:00,-0.9191030821646518,short,2026-08-03,PLTR
2026-08-03 09:00:00+00:00,-0.3407560028528378,short,2026-08-03,PLTR
2026-08-04 13:30:00+00:00,-5.62132134118114,short,2026-08-04,PLTR
2026-08-05 11:00:00+00:00,-0.2595155709342434,short,2026-08-05,PLTR
2026-08-05 11:45:00+00:00,0.24028094387285037,short,2026-08-05,PLTR
2026-08-05 13:30:00+00:00,3.247615598213205,short,2026-08-05,PLTR
2026-08-06 11:00:00+00:00,-0.36688980432545426,long,2026-08-06,PLTR
2026-08-06 13:00:00+00:00,1.2533109373990658,long,2026-08-06,PLTR
2026-08-06 13:30:00+00:00,2.2928608650338633,long,2026-08-06,PLTR
2026-03-05 08:00:00+00:00,2.1287996882307203,long,2026-03-05,COIN
2026-03-05 10:15:00+00:00,-0.16076410232161997,short,2026-03-05,COIN
2026-03-06 11:30:00+00:00,-1.6567523720564359,long,2026-03-06,COIN
2026-03-06 13:30:00+00:00,-1.2247550489902004,long,2026-03-06,COIN
2026-03-06 14:45:00+00:00,0.809201486080724,long,2026-03-06,COIN
2026-03-06 15:45:00+00:00,-0.3559080740288878,long,2026-03-06,COIN
2026-03-09 09:30:00+00:00,1.25952260030473,short,2026-03-09,COIN
2026-03-09 12:15:00+00:00,-0.1779268974632764,short,2026-03-09,COIN
2026-03-09 13:00:00+00:00,-0.4855351001416208,short,2026-03-09,COIN
2026-03-10 13:30:00+00:00,0.6652109886761792,long,2026-03-10,COIN
2026-03-10 14:00:00+00:00,0.6073597713469159,long,2026-03-10,COIN
2026-03-11 09:45:00+00:00,-0.09769642122583466,long,2026-03-11,COIN
2026-03-11 13:30:00+00:00,3.2591255515443285,short,2026-03-11,COIN
2026-03-13 10:00:00+00:00,-0.3475195164945877,short,2026-03-13,COIN
2026-03-13 12:15:00+00:00,0.06505529700245871,short,2026-03-13,COIN
2026-03-16 14:00:00+00:00,2.216605094302937,short,2026-03-16,COIN
2026-03-16 15:15:00+00:00,1.5402612595047716,short,2026-03-16,COIN
2026-03-17 14:30:00+00:00,0.09635767970707088,short,2026-03-17,COIN
2026-03-18 09:15:00+00:00,1.3532995395991287,short,2026-03-18,COIN
2026-03-18 10:00:00+00:00,3.2851817334575872,short,2026-03-18,COIN
2026-03-18 12:00:00+00:00,-1.7875210792580143,long,2026-03-18,COIN
2026-03-18 12:30:00+00:00,-1.3685239491690981,long,2026-03-18,COIN
2026-03-18 14:15:00+00:00,0.07915306223411633,long,2026-03-18,COIN
2026-03-19 12:00:00+00:00,0.6491859816402101,long,2026-03-19,COIN
2026-03-20 10:00:00+00:00,0.8563604680109638,long,2026-03-20,COIN
2026-03-20 13:45:00+00:00,1.31129421221865,long,2026-03-20,COIN
2026-03-23 11:00:00+00:00,1.1857707509881465,short,2026-03-23,COIN
2026-03-24 13:45:00+00:00,-6.304925403637851,long,2026-03-24,COIN
2026-03-25 08:30:00+00:00,0.36874732791791764,short,2026-03-25,COIN
2026-03-25 09:45:00+00:00,0.30015543763735053,short,2026-03-25,COIN
2026-03-25 13:30:00+00:00,2.4173027989821794,short,2026-03-25,COIN
2026-03-25 14:15:00+00:00,1.995330078539581,short,2026-03-25,COIN
2026-03-25 15:45:00+00:00,-1.06487549148101,long,2026-03-25,COIN
2026-03-26 08:30:00+00:00,0.2029769959404515,long,2026-03-26,COIN
2026-03-26 09:30:00+00:00,0.05078147040569192,long,2026-03-26,COIN
2026-03-26 11:45:00+00:00,1.2874082439299883,long,2026-03-26,COIN
2026-03-26 15:00:00+00:00,-1.7005249942935508,long,2026-03-26,COIN
2026-03-27 08:30:00+00:00,-1.701509872241569,long,2026-03-27,COIN
2026-03-27 10:30:00+00:00,-0.856619601819586,long,2026-03-27,COIN
2026-03-27 13:30:00+00:00,-1.0901339829476164,long,2026-03-27,COIN
2026-03-30 12:15:00+00:00,3.4142822793940875,short,2026-03-30,COIN
2026-03-30 13:45:00+00:00,1.1127596439169274,long,2026-03-30,COIN
2026-03-30 14:15:00+00:00,1.2820512820512775,long,2026-03-30,COIN
2026-03-31 13:45:00+00:00,0.26944494341655245,short,2026-03-31,COIN
2026-04-01 13:30:00+00:00,1.1921216309606297,long,2026-04-01,COIN
2026-04-02 13:30:00+00:00,4.702156170057248,long,2026-04-02,COIN
2026-04-02 14:30:00+00:00,-1.1523988711194644,short,2026-04-02,COIN
2026-04-03 13:00:00+00:00,0.3331579870243795,long,2026-04-03,COIN
2026-04-06 08:30:00+00:00,0.005618924537842407,short,2026-04-06,COIN
2026-04-06 10:00:00+00:00,0.8294104460883189,short,2026-04-06,COIN
2026-04-07 13:30:00+00:00,-0.9167842031029605,long,2026-04-07,COIN
2026-04-07 15:00:00+00:00,3.720595295247242,long,2026-04-07,COIN
2026-04-08 13:00:00+00:00,3.731624575951753,short,2026-04-08,COIN
2026-04-08 13:45:00+00:00,-0.5847308031774023,long,2026-04-08,COIN
2026-04-09 09:45:00+00:00,-0.05688282138793799,short,2026-04-09,COIN
2026-04-09 10:15:00+00:00,-0.07956353716753739,short,2026-04-09,COIN
2026-04-09 13:30:00+00:00,-0.19666820916243166,long,2026-04-09,COIN
2026-04-10 13:30:00+00:00,0.9482394153530249,long,2026-04-10,COIN
2026-04-13 08:30:00+00:00,0.42310522442972065,long,2026-04-13,COIN
2026-04-13 11:00:00+00:00,-0.1700680272108901,short,2026-04-13,COIN
2026-04-13 13:30:00+00:00,-3.1951951951951996,short,2026-04-13,COIN
2026-04-14 08:00:00+00:00,-0.3024532317688067,short,2026-04-14,COIN
2026-04-14 13:30:00+00:00,-0.7937793617365907,short,2026-04-14,COIN
2026-04-14 15:30:00+00:00,0.8303867995285485,short,2026-04-14,COIN
2026-04-15 14:00:00+00:00,0.9403574397339964,short,2026-04-15,COIN
2026-04-16 10:30:00+00:00,0.3521306455728457,long,2026-04-16,COIN
2026-04-16 13:30:00+00:00,0.90862422997946,long,2026-04-16,COIN
2026-04-17 09:15:00+00:00,0.26205191594561583,short,2026-04-17,COIN
2026-04-17 12:45:00+00:00,-4.66907105955745,short,2026-04-17,COIN
2026-04-17 13:30:00+00:00,-2.050909090909081,short,2026-04-17,COIN
2026-04-17 15:45:00+00:00,1.9252441773102924,short,2026-04-17,COIN
2026-04-20 12:00:00+00:00,-0.6020529016976139,short,2026-04-20,COIN
2026-04-20 13:45:00+00:00,-1.6667486110428342,short,2026-04-20,COIN
2026-04-20 15:00:00+00:00,-1.400862068965525,short,2026-04-20,COIN
2026-04-21 08:15:00+00:00,-0.5672495429187574,short,2026-04-21,COIN
2026-04-21 10:30:00+00:00,1.401890922639848,short,2026-04-21,COIN
2026-04-21 13:30:00+00:00,-2.7493882251331425,long,2026-04-21,COIN
2026-04-21 14:45:00+00:00,-1.122931442080377,long,2026-04-21,COIN
2026-04-22 13:30:00+00:00,0.5185327443825716,short,2026-04-22,COIN
2026-04-23 13:45:00+00:00,1.2583345866546303,long,2026-04-23,COIN
2026-04-24 11:00:00+00:00,-0.16878474980142055,short,2026-04-24,COIN
2026-04-27 15:15:00+00:00,0.9574251375025433,long,2026-04-27,COIN
2026-04-28 09:30:00+00:00,-1.1393514460999121,long,2026-04-28,COIN
2026-04-28 13:15:00+00:00,0.6864748729235259,long,2026-04-28,COIN
2026-04-29 13:15:00+00:00,-3.6411131250666418,long,2026-04-29,COIN
2026-04-30 14:00:00+00:00,-1.6983989614885342,short,2026-04-30,COIN
2026-04-30 14:30:00+00:00,-0.7617504051863788,short,2026-04-30,COIN
2026-05-01 13:45:00+00:00,-0.02070393374742352,short,2026-05-01,COIN
2026-05-01 14:45:00+00:00,1.0645410131139066,short,2026-05-01,COIN
2026-05-04 14:15:00+00:00,-0.9246507967735518,short,2026-05-04,COIN
2026-05-04 14:45:00+00:00,0.4985824616287049,short,2026-05-04,COIN
2026-05-05 11:00:00+00:00,0.8913412563667178,short,2026-05-05,COIN
2026-05-05 13:30:00+00:00,-2.3358959195742046,long,2026-05-05,COIN
2026-05-05 14:30:00+00:00,-1.0691664555358416,long,2026-05-05,COIN
2026-05-06 08:30:00+00:00,-1.5864250213364128,short,2026-05-06,COIN
2026-05-06 11:00:00+00:00,2.182676236358272,short,2026-05-06,COIN
2026-05-07 15:45:00+00:00,-0.07735547418905586,long,2026-05-07,COIN
2026-05-08 14:45:00+00:00,-0.30280881278061944,short,2026-05-08,COIN
2026-05-08 15:30:00+00:00,-1.821019771071808,short,2026-05-08,COIN
2026-05-11 13:45:00+00:00,-2.330353217059944,short,2026-05-11,COIN
2026-05-11 14:45:00+00:00,-1.3792772010764898,short,2026-05-11,COIN
2026-05-11 15:15:00+00:00,-1.449344457687718,short,2026-05-11,COIN
2026-05-12 13:45:00+00:00,-2.461641412934379,long,2026-05-12,COIN
2026-05-12 14:45:00+00:00,-3.2517583582233334,long,2026-05-12,COIN
2026-05-12 15:45:00+00:00,0.4606488287758559,long,2026-05-12,COIN
2026-05-13 09:30:00+00:00,0.502107905831084,short,2026-05-13,COIN
2026-05-13 12:30:00+00:00,-1.6952445718171671,long,2026-05-13,COIN
2026-05-13 13:15:00+00:00,-1.3590809093131262,long,2026-05-13,COIN
2026-05-14 13:30:00+00:00,7.476968493917635,long,2026-05-14,COIN
2026-05-14 15:00:00+00:00,-4.813039309683598,short,2026-05-14,COIN
2026-05-15 08:15:00+00:00,1.0653237131373894,long,2026-05-15,COIN
2026-05-15 13:30:00+00:00,-1.3766128212943207,long,2026-05-15,COIN
2026-05-18 11:30:00+00:00,2.3928885213706064,short,2026-05-18,COIN
2026-05-18 12:00:00+00:00,0.2839442436757822,short,2026-05-18,COIN
2026-05-18 15:15:00+00:00,0.5653367791956132,long,2026-05-18,COIN
2026-05-19 09:30:00+00:00,0.2227525855210688,long,2026-05-19,COIN
2026-05-19 13:30:00+00:00,2.906914609383371,long,2026-05-19,COIN
2026-05-19 15:00:00+00:00,-1.5467944377896892,short,2026-05-19,COIN
2026-05-20 13:30:00+00:00,2.145473574044998,long,2026-05-20,COIN
2026-05-21 10:15:00+00:00,-0.37157211639103904,long,2026-05-21,COIN
2026-05-21 14:15:00+00:00,0.5238095238095264,long,2026-05-21,COIN
2026-05-22 09:00:00+00:00,0.3997923156801697,long,2026-05-22,COIN
2026-05-22 14:00:00+00:00,-0.6430363864491806,long,2026-05-22,COIN
2026-05-25 09:15:00+00:00,0.20446681346336648,short,2026-05-25,COIN
2026-05-25 10:00:00+00:00,0.35120826125701887,short,2026-05-25,COIN
2026-05-26 13:15:00+00:00,-0.42438893365565056,long,2026-05-26,COIN
2026-05-26 14:30:00+00:00,-0.24275772778767912,long,2026-05-26,COIN
2026-05-27 08:15:00+00:00,0.23617290053276063,short,2026-05-27,COIN
2026-05-27 13:15:00+00:00,0.644832852536914,long,2026-05-27,COIN
2026-05-28 13:45:00+00:00,-3.4096109839816924,short,2026-05-28,COIN
2026-05-29 13:15:00+00:00,4.181878526385674,long,2026-05-29,COIN
2026-05-29 15:00:00+00:00,-0.9869468322190267,short,2026-05-29,COIN
2026-06-01 08:00:00+00:00,-0.19287436378249145,long,2026-06-01,COIN
2026-06-01 09:45:00+00:00,-0.666057904066164,long,2026-06-01,COIN
2026-06-01 11:15:00+00:00,-3.2618072029329204,long,2026-06-01,COIN
2026-06-02 10:30:00+00:00,0.10674157303369736,long,2026-06-02,COIN
2026-06-02 12:45:00+00:00,-1.9623278043294778,long,2026-06-02,COIN
2026-06-02 13:45:00+00:00,-1.6000000000000014,long,2026-06-02,COIN
2026-06-03 13:30:00+00:00,-2.4444837132591157,long,2026-06-03,COIN
2026-06-03 14:30:00+00:00,-1.9253695755841571,long,2026-06-03,COIN
2026-06-03 15:00:00+00:00,-1.247376311844084,long,2026-06-03,COIN
2026-06-05 13:30:00+00:00,-3.6189258312020467,long,2026-06-05,COIN
2026-06-05 15:30:00+00:00,-0.8624121003051655,long,2026-06-05,COIN
2026-06-08 14:15:00+00:00,-1.7331998498310686,short,2026-06-08,COIN
2026-06-09 13:15:00+00:00,-1.7350959705097146,long,2026-06-09,COIN
2026-06-09 15:15:00+00:00,-0.4592199728348789,long,2026-06-09,COIN
2026-06-10 09:00:00+00:00,0.2297040099757064,long,2026-06-10,COIN
2026-06-10 11:15:00+00:00,0.6121240044757448,long,2026-06-10,COIN
2026-06-10 13:30:00+00:00,1.0041788810578267,short,2026-06-10,COIN
2026-06-11 08:00:00+00:00,-0.08215369059656474,short,2026-06-11,COIN
2026-06-11 10:15:00+00:00,1.395875251509049,short,2026-06-11,COIN
2026-06-11 13:15:00+00:00,0.012911555842465283,long,2026-06-11,COIN
2026-06-12 13:30:00+00:00,3.582185197052201,long,2026-06-12,COIN
2026-06-12 14:45:00+00:00,2.0743354218626386,short,2026-06-12,COIN
2026-06-15 13:15:00+00:00,-1.0818438381937856,short,2026-06-15,COIN
2026-06-15 14:30:00+00:00,-0.7220216606498076,short,2026-06-15,COIN
2026-06-15 15:15:00+00:00,0.15123313168915464,short,2026-06-15,COIN
2026-06-16 13:30:00+00:00,1.7317270937101892,short,2026-06-16,COIN
2026-06-17 08:30:00+00:00,-0.05348864852015023,long,2026-06-17,COIN
2026-06-17 13:30:00+00:00,0.41892127770989385,short,2026-06-17,COIN
2026-06-18 08:00:00+00:00,0.8155064413189916,short,2026-06-18,COIN
2026-06-18 13:30:00+00:00,-0.46237147898033903,long,2026-06-18,COIN
2026-06-18 15:30:00+00:00,0.02444838335065036,long,2026-06-18,COIN
2026-06-22 12:30:00+00:00,-1.1156675913641223,short,2026-06-22,COIN
2026-06-22 13:30:00+00:00,3.5409457900807517,short,2026-06-22,COIN
2026-06-24 13:00:00+00:00,-2.2233515436412166,long,2026-06-24,COIN
2026-06-24 13:30:00+00:00,-0.4025712616063881,long,2026-06-24,COIN
2026-06-25 13:15:00+00:00,-2.6649830531002783,long,2026-06-25,COIN
2026-06-25 15:00:00+00:00,-0.6794783802333448,long,2026-06-25,COIN
2026-06-26 13:45:00+00:00,-1.149738077420226,short,2026-06-26,COIN
2026-06-26 15:30:00+00:00,0.23466309084813064,short,2026-06-26,COIN
2026-06-29 12:00:00+00:00,4.036817882971722,short,2026-06-29,COIN
2026-06-29 14:00:00+00:00,2.075911208550285,long,2026-06-29,COIN
2026-06-30 08:00:00+00:00,-0.02668801708032298,long,2026-06-30,COIN
2026-06-30 10:15:00+00:00,-1.7067130714142231,long,2026-06-30,COIN
2026-06-30 11:15:00+00:00,-0.469452082355315,long,2026-06-30,COIN
2026-06-30 13:30:00+00:00,-0.43968123110745827,long,2026-06-30,COIN
2026-06-30 14:00:00+00:00,-0.9350259350259349,long,2026-06-30,COIN
2026-06-30 14:30:00+00:00,-0.7865937072503271,long,2026-06-30,COIN
2026-07-01 13:15:00+00:00,-9.645014593090329,short,2026-07-01,COIN
2026-07-02 13:30:00+00:00,3.5937138895308474,short,2026-07-02,COIN
2026-07-03 11:00:00+00:00,0.05407029137878272,short,2026-07-03,COIN
2026-07-03 12:00:00+00:00,0.2641056422569066,short,2026-07-03,COIN
2026-07-03 13:45:00+00:00,0.08393285371703918,short,2026-07-03,COIN
2026-07-03 14:45:00+00:00,0.12579369833473075,short,2026-07-03,COIN
2026-07-06 12:00:00+00:00,-1.7313935313213902,long,2026-07-06,COIN
2026-07-07 14:00:00+00:00,2.068119054924833,long,2026-07-07,COIN
2026-07-07 14:30:00+00:00,3.1675602391076474,long,2026-07-07,COIN
2026-07-08 08:15:00+00:00,0.126302494474273,long,2026-07-08,COIN
2026-07-09 10:30:00+00:00,-0.1513431706394286,long,2026-07-09,COIN
2026-07-09 11:15:00+00:00,-0.7403657533379682,long,2026-07-09,COIN
2026-07-10 09:15:00+00:00,-1.9502891595915006,short,2026-07-10,COIN
2026-07-13 14:00:00+00:00,0.7360805284680638,short,2026-07-13,COIN
2026-07-14 11:15:00+00:00,2.242095177259662,long,2026-07-14,COIN
2026-07-14 12:45:00+00:00,0.9332509270704725,short,2026-07-14,COIN
2026-07-15 13:15:00+00:00,0.5318184565177964,short,2026-07-15,COIN
2026-07-16 12:15:00+00:00,0.5623128170649583,long,2026-07-16,COIN
2026-07-16 13:30:00+00:00,2.054195804195791,long,2026-07-16,COIN
2026-07-17 13:00:00+00:00,1.0131843865688106,long,2026-07-17,COIN
2026-07-20 11:30:00+00:00,1.6455775104406989,short,2026-07-20,COIN
2026-07-20 15:45:00+00:00,-0.8365112559970411,short,2026-07-20,COIN
2026-07-21 12:30:00+00:00,-6.717575468321191,short,2026-07-21,COIN
2026-07-22 12:45:00+00:00,-1.721739130434785,long,2026-07-22,COIN
2026-07-22 13:15:00+00:00,-0.9275362318840519,long,2026-07-22,COIN
2026-07-22 14:00:00+00:00,-0.6941203919738625,long,2026-07-22,COIN
2026-07-23 11:15:00+00:00,-1.8977839168818678,long,2026-07-23,COIN
2026-07-23 12:00:00+00:00,-1.8303329520139688,long,2026-07-23,COIN
2026-07-23 13:45:00+00:00,-1.0581359581667171,long,2026-07-23,COIN
2026-07-23 14:30:00+00:00,0.7574816838445297,long,2026-07-23,COIN
2026-07-24 12:45:00+00:00,-3.0319940476190577,long,2026-07-24,COIN
2026-07-24 13:30:00+00:00,-0.0571791613723005,long,2026-07-24,COIN
2026-07-27 13:30:00+00:00,2.995226730310252,short,2026-07-27,COIN
2026-07-27 14:00:00+00:00,1.6754744174873992,short,2026-07-27,COIN
2026-07-28 13:30:00+00:00,4.608755386248675,long,2026-07-28,COIN
2026-07-28 15:15:00+00:00,0.36470166208297794,short,2026-07-28,COIN
2026-07-30 09:00:00+00:00,-0.4809470958194506,short,2026-07-30,COIN
2026-07-30 10:15:00+00:00,-0.01231982259455311,short,2026-07-30,COIN
2026-07-30 13:30:00+00:00,1.15966796875,short,2026-07-30,COIN
2026-07-31 12:00:00+00:00,-8.385457388584816,long,2026-07-31,COIN
2026-07-31 12:30:00+00:00,-8.136807817589586,long,2026-07-31,COIN
2026-07-31 13:30:00+00:00,-3.6634269013797183,long,2026-07-31,COIN
2026-08-03 08:15:00+00:00,-0.26896551724137074,long,2026-08-03,COIN
2026-08-03 09:30:00+00:00,0.5255151431337257,long,2026-08-03,COIN
2026-08-03 11:45:00+00:00,1.8354342706746074,long,2026-08-03,COIN
2026-08-03 13:30:00+00:00,4.548959136468778,long,2026-08-03,COIN
2026-08-03 14:30:00+00:00,-0.8048829566033922,short,2026-08-03,COIN
2026-08-04 15:30:00+00:00,-0.3377259784120401,short,2026-08-04,COIN
2026-08-05 10:15:00+00:00,0.4735032756048474,short,2026-08-05,COIN
2026-08-06 12:00:00+00:00,-0.4825090470446325,long,2026-08-06,COIN
2026-08-06 12:45:00+00:00,0.774515086206895,long,2026-08-06,COIN
2026-03-05 09:00:00+00:00,0.2025184144768044,short,2026-03-05,QQQ
2026-03-06 09:30:00+00:00,-0.13363469882697876,long,2026-03-06,QQQ
2026-03-06 13:45:00+00:00,0.831052666711174,long,2026-03-06,QQQ
2026-03-06 14:45:00+00:00,0.9277026012380452,long,2026-03-06,QQQ
2026-03-09 14:45:00+00:00,-0.6205258580317174,short,2026-03-09,QQQ
2026-03-10 08:00:00+00:00,0.17184380216686002,short,2026-03-10,QQQ
2026-03-12 13:45:00+00:00,-0.04332033723216666,long,2026-03-12,QQQ
2026-03-16 08:00:00+00:00,0.23727567423054152,short,2026-03-16,QQQ
2026-03-16 10:45:00+00:00,-0.16352411146338675,short,2026-03-16,QQQ
2026-03-16 11:30:00+00:00,-0.15337423312882237,short,2026-03-16,QQQ
2026-03-16 13:00:00+00:00,-0.10489685142942573,short,2026-03-16,QQQ
2026-03-16 13:45:00+00:00,0.11963908874892404,short,2026-03-16,QQQ
2026-03-16 15:30:00+00:00,0.1643589999003936,short,2026-03-16,QQQ
2026-03-17 13:00:00+00:00,-0.20231501442737887,short,2026-03-17,QQQ
2026-03-18 12:30:00+00:00,-0.3757148556988943,long,2026-03-18,QQQ
2026-03-19 12:15:00+00:00,-0.20632155722039025,long,2026-03-19,QQQ
2026-03-19 12:45:00+00:00,0.34206560208625003,long,2026-03-19,QQQ
2026-03-19 14:15:00+00:00,0.12709925604568184,long,2026-03-19,QQQ
2026-03-20 09:30:00+00:00,-0.060880741392144166,long,2026-03-20,QQQ
2026-03-20 13:45:00+00:00,0.04085662728541273,long,2026-03-20,QQQ
2026-03-23 11:00:00+00:00,0.6503956014483059,short,2026-03-23,QQQ
2026-03-26 08:00:00+00:00,-0.06502618159416329,long,2026-03-26,QQQ
2026-03-26 08:30:00+00:00,-0.07705875301814435,long,2026-03-26,QQQ
2026-03-26 11:45:00+00:00,0.1993127147766227,long,2026-03-26,QQQ
2026-03-27 10:45:00+00:00,-0.12773850353468008,long,2026-03-27,QQQ
2026-03-27 13:45:00+00:00,0.29220722068685756,long,2026-03-27,QQQ
2026-03-30 08:30:00+00:00,0.21708436286622668,short,2026-03-30,QQQ
2026-03-30 11:15:00+00:00,-0.08980612442550662,short,2026-03-30,QQQ
2026-03-30 12:30:00+00:00,0.8801422309845264,short,2026-03-30,QQQ
2026-03-31 13:45:00+00:00,0.49140049140048436,short,2026-03-31,QQQ
2026-04-01 14:45:00+00:00,-0.31733033063774396,short,2026-04-01,QQQ
2026-04-02 14:30:00+00:00,0.19671570304481412,short,2026-04-02,QQQ
2026-04-03 09:45:00+00:00,0.0548264400507259,long,2026-04-03,QQQ
2026-04-03 11:00:00+00:00,-0.008570449091527266,long,2026-04-03,QQQ
2026-04-03 12:45:00+00:00,0.07205352547607902,long,2026-04-03,QQQ
2026-04-03 13:15:00+00:00,-0.001715530699419876,long,2026-04-03,QQQ
2026-04-03 15:15:00+00:00,-0.029164522216496014,long,2026-04-03,QQQ
2026-04-03 15:45:00+00:00,-0.012015104703066992,long,2026-04-03,QQQ
2026-04-06 08:30:00+00:00,0.11035653650254273,short,2026-04-06,QQQ
2026-04-06 10:30:00+00:00,0.16316818220447615,short,2026-04-06,QQQ
2026-04-06 13:45:00+00:00,0.45599403308922426,short,2026-04-06,QQQ
2026-04-07 14:00:00+00:00,0.5504902804059908,long,2026-04-07,QQQ
2026-04-08 13:45:00+00:00,-0.03627370156636944,long,2026-04-08,QQQ
2026-04-08 14:30:00+00:00,0.37024793388429345,long,2026-04-08,QQQ
2026-04-09 08:00:00+00:00,0.17408027587579866,long,2026-04-09,QQQ
2026-04-09 13:15:00+00:00,0.12544152114349894,short,2026-04-09,QQQ
2026-04-09 15:30:00+00:00,-0.3840195141246783,short,2026-04-09,QQQ
2026-04-10 12:15:00+00:00,-0.014709487619524175,short,2026-04-10,QQQ
2026-04-13 08:15:00+00:00,0.01813386086383373,short,2026-04-13,QQQ
2026-04-13 09:00:00+00:00,-0.18626578314047126,short,2026-04-13,QQQ
2026-04-13 10:45:00+00:00,-0.09716892570692526,short,2026-04-13,QQQ
2026-04-13 12:45:00+00:00,-0.6877488564941414,short,2026-04-13,QQQ
2026-04-14 08:45:00+00:00,0.15167650950399514,short,2026-04-14,QQQ
2026-04-14 12:15:00+00:00,-0.425614238730887,short,2026-04-14,QQQ
2026-04-14 13:30:00+00:00,-0.3973488626492161,short,2026-04-14,QQQ
2026-04-15 10:15:00+00:00,0.1724248036273135,long,2026-04-15,QQQ
2026-04-15 13:45:00+00:00,-0.5165042989050184,short,2026-04-15,QQQ
2026-04-16 13:45:00+00:00,0.693821683107565,long,2026-04-16,QQQ
2026-04-17 08:45:00+00:00,-0.014044286316172716,short,2026-04-17,QQQ
2026-04-17 09:45:00+00:00,-0.07796906187624852,short,2026-04-17,QQQ
2026-04-17 12:00:00+00:00,-0.6071645415907767,short,2026-04-17,QQQ
2026-04-17 13:45:00+00:00,-0.3236446412809624,short,2026-04-17,QQQ
2026-04-17 14:30:00+00:00,-0.1465777942356361,short,2026-04-17,QQQ
2026-04-20 13:00:00+00:00,0.5726369080694016,short,2026-04-20,QQQ
2026-04-20 13:45:00+00:00,0.46127026735163223,short,2026-04-20,QQQ
2026-04-21 10:30:00+00:00,0.05691869856164766,short,2026-04-21,QQQ
2026-04-21 11:15:00+00:00,0.14918486619501792,short,2026-04-21,QQQ
2026-04-21 13:30:00+00:00,-0.1928833749961445,long,2026-04-21,QQQ
2026-04-21 14:45:00+00:00,-0.22558714462299623,long,2026-04-21,QQQ
2026-04-21 15:15:00+00:00,-0.3386266293507467,long,2026-04-21,QQQ
2026-04-22 14:00:00+00:00,-0.30085344139498815,short,2026-04-22,QQQ
2026-04-23 12:00:00+00:00,0.2625152625152616,short,2026-04-23,QQQ
2026-04-23 14:45:00+00:00,-0.006095981224385483,short,2026-04-23,QQQ
2026-04-24 10:00:00+00:00,-0.584261457002011,short,2026-04-24,QQQ
2026-04-24 12:00:00+00:00,0.22992678647063558,short,2026-04-24,QQQ
2026-04-24 15:30:00+00:00,-0.027123547760043998,short,2026-04-24,QQQ
2026-04-27 14:15:00+00:00,0.09655276457720685,long,2026-04-27,QQQ
2026-04-27 15:15:00+00:00,0.20070321577860817,long,2026-04-27,QQQ
2026-04-28 09:30:00+00:00,-0.5258783528522937,long,2026-04-28,QQQ
2026-04-28 14:30:00+00:00,-0.1979052490561406,long,2026-04-28,QQQ
2026-04-28 15:15:00+00:00,0.08535284255448694,long,2026-04-28,QQQ
2026-04-29 13:30:00+00:00,0.3598159928340561,long,2026-04-29,QQQ
2026-05-01 13:30:00+00:00,-0.42681657297523046,short,2026-05-01,QQQ
2026-05-04 10:00:00+00:00,0.5373943074907794,long,2026-05-04,QQQ
2026-05-05 08:00:00+00:00,-0.0029539479514451017,short,2026-05-05,QQQ
2026-05-05 11:45:00+00:00,-0.4902757062480667,short,2026-05-05,QQQ
2026-05-06 08:45:00+00:00,-0.4344803614876547,short,2026-05-06,QQQ
2026-05-07 14:15:00+00:00,0.4857142857142782,short,2026-05-07,QQQ
2026-05-08 08:00:00+00:00,0.010012444037599266,short,2026-05-08,QQQ
2026-05-08 08:45:00+00:00,-0.0014299809812712283,short,2026-05-08,QQQ
2026-05-08 10:15:00+00:00,-0.04002801961373592,short,2026-05-08,QQQ
2026-05-08 11:00:00+00:00,0.04572735067160938,short,2026-05-08,QQQ
2026-05-08 13:30:00+00:00,-0.7536900894739684,short,2026-05-08,QQQ
2026-05-11 08:00:00+00:00,0.14085498978801958,long,2026-05-11,QQQ
2026-05-11 15:15:00+00:00,0.0056032610979528386,short,2026-05-11,QQQ
2026-05-11 15:45:00+00:00,0.13150715594789641,short,2026-05-11,QQQ
2026-05-12 11:00:00+00:00,0.24344675309970754,long,2026-05-12,QQQ
2026-05-12 14:45:00+00:00,-0.7715369641512315,long,2026-05-12,QQQ
2026-05-14 13:00:00+00:00,0.8061130237635439,long,2026-05-14,QQQ
2026-05-14 14:30:00+00:00,-0.06257735256078867,short,2026-05-14,QQQ
2026-05-14 15:00:00+00:00,0.2721088435373997,short,2026-05-14,QQQ
2026-05-15 08:15:00+00:00,0.19309100646924815,long,2026-05-15,QQQ
2026-05-15 08:45:00+00:00,0.18992951504663846,long,2026-05-15,QQQ
2026-05-18 12:30:00+00:00,0.8983717012914116,short,2026-05-18,QQQ
2026-05-19 14:00:00+00:00,0.23198865833224946,long,2026-05-19,QQQ
2026-05-20 08:30:00+00:00,-0.03392034372615704,short,2026-05-20,QQQ
2026-05-20 14:15:00+00:00,0.021134202183858974,short,2026-05-20,QQQ
2026-05-22 08:15:00+00:00,0.5645946321791162,short,2026-05-22,QQQ
2026-05-22 09:15:00+00:00,-0.0027953652843581978,long,2026-05-22,QQQ
2026-05-25 15:45:00+00:00,0.11953176522312425,long,2026-05-25,QQQ
2026-05-26 13:45:00+00:00,0.2592592592592591,short,2026-05-26,QQQ
2026-05-27 08:15:00+00:00,-0.09394273577583157,short,2026-05-27,QQQ
2026-05-27 09:45:00+00:00,-0.18646051664534813,short,2026-05-27,QQQ
2026-05-27 11:00:00+00:00,0.21330942093964467,short,2026-05-27,QQQ
2026-05-27 12:15:00+00:00,1.323955877171601,short,2026-05-27,QQQ
2026-05-27 13:30:00+00:00,-0.3043597477378701,long,2026-05-27,QQQ
2026-05-27 14:15:00+00:00,0.15106362525234562,long,2026-05-27,QQQ
2026-05-28 14:00:00+00:00,-0.22913569470395245,short,2026-05-28,QQQ
2026-05-29 13:30:00+00:00,0.20677631667860297,short,2026-05-29,QQQ
2026-05-29 15:00:00+00:00,0.10136093954833392,short,2026-05-29,QQQ
2026-06-01 13:00:00+00:00,0.32103381014303434,long,2026-06-01,QQQ
2026-06-01 13:45:00+00:00,0.6865671641790971,long,2026-06-01,QQQ
2026-06-02 15:45:00+00:00,0.15005158023070342,short,2026-06-02,QQQ
2026-06-03 11:00:00+00:00,0.17619263728342327,short,2026-06-03,QQQ
2026-06-03 11:45:00+00:00,0.714123630150687,short,2026-06-03,QQQ
2026-06-03 13:30:00+00:00,-0.1073393264457212,long,2026-06-03,QQQ
2026-06-04 09:00:00+00:00,-0.08967269466446659,long,2026-06-04,QQQ
2026-06-05 12:45:00+00:00,-0.6029532403609483,long,2026-06-05,QQQ
2026-06-05 13:30:00+00:00,-1.019819918743814,long,2026-06-05,QQQ
2026-06-05 15:00:00+00:00,-1.1407894373394512,long,2026-06-05,QQQ
2026-06-08 11:00:00+00:00,-0.7790209790209834,short,2026-06-08,QQQ
2026-06-08 12:00:00+00:00,-0.11594121919875633,short,2026-06-08,QQQ
2026-06-08 14:45:00+00:00,0.3862179709021363,short,2026-06-08,QQQ
2026-06-08 15:30:00+00:00,0.5139856749005856,short,2026-06-08,QQQ
2026-06-09 13:30:00+00:00,2.878641446914254,short,2026-06-09,QQQ
2026-06-09 14:00:00+00:00,-2.923552855271594,long,2026-06-09,QQQ
2026-06-10 08:30:00+00:00,0.1798843600542499,long,2026-06-10,QQQ
2026-06-10 11:00:00+00:00,0.5575889282854796,long,2026-06-10,QQQ
2026-06-10 13:30:00+00:00,0.9235888830919858,short,2026-06-10,QQQ
2026-06-11 08:00:00+00:00,0.05111385611448194,short,2026-06-11,QQQ
2026-06-15 13:30:00+00:00,-0.4441384524002334,short,2026-06-15,QQQ
2026-06-15 14:00:00+00:00,-0.5384615384615321,short,2026-06-15,QQQ
2026-06-15 14:45:00+00:00,-0.2896676232434725,short,2026-06-15,QQQ
2026-06-16 08:45:00+00:00,0.01474115865507386,short,2026-06-16,QQQ
2026-06-16 11:00:00+00:00,0.49283514128833916,short,2026-06-16,QQQ
2026-06-16 14:15:00+00:00,-0.4541399724272144,long,2026-06-16,QQQ
2026-06-16 14:45:00+00:00,-0.34028822819647253,long,2026-06-16,QQQ
2026-06-16 15:15:00+00:00,-0.22686518502417208,long,2026-06-16,QQQ
2026-06-18 12:45:00+00:00,-0.39790319952197617,short,2026-06-18,QQQ
2026-06-18 14:30:00+00:00,-0.3170259175461654,short,2026-06-18,QQQ
2026-06-18 15:45:00+00:00,-0.18663024221359237,short,2026-06-18,QQQ
2026-06-19 14:30:00+00:00,-0.07018964702705244,short,2026-06-19,QQQ
2026-06-19 15:45:00+00:00,0.13894884524066065,short,2026-06-19,QQQ
2026-06-22 13:00:00+00:00,0.652267470009138,short,2026-06-22,QQQ
2026-06-22 13:45:00+00:00,1.1390927508620363,short,2026-06-22,QQQ
2026-06-23 09:30:00+00:00,0.044433336110416555,long,2026-06-23,QQQ
2026-06-24 13:00:00+00:00,0.29314051201876357,long,2026-06-24,QQQ
2026-06-24 13:30:00+00:00,0.23480412025325137,long,2026-06-24,QQQ
2026-06-25 08:00:00+00:00,0.09894731055711814,short,2026-06-25,QQQ
2026-06-25 13:30:00+00:00,-0.25357018460467895,long,2026-06-25,QQQ
2026-06-26 14:00:00+00:00,0.15693088035421132,short,2026-06-26,QQQ
2026-06-26 15:30:00+00:00,0.3086290446464801,short,2026-06-26,QQQ
2026-06-29 08:15:00+00:00,-0.043286416443266695,short,2026-06-29,QQQ
2026-06-29 10:15:00+00:00,-0.04047622370788595,short,2026-06-29,QQQ
2026-06-29 13:30:00+00:00,-0.1419979953224182,short,2026-06-29,QQQ
2026-06-29 14:00:00+00:00,1.7764775714406822,long,2026-06-29,QQQ
2026-06-30 13:45:00+00:00,-0.34269954397749824,short,2026-06-30,QQQ
2026-07-01 08:00:00+00:00,0.02593892066784509,long,2026-07-01,QQQ
2026-07-01 12:30:00+00:00,-0.18340838477437504,long,2026-07-01,QQQ
2026-07-01 14:30:00+00:00,-0.0205685137191991,long,2026-07-01,QQQ
2026-07-06 14:00:00+00:00,-0.18203632452111762,short,2026-07-06,QQQ
2026-07-06 15:15:00+00:00,0.3387776461839409,short,2026-07-06,QQQ
2026-07-07 13:45:00+00:00,-0.27936097930763015,long,2026-07-07,QQQ
2026-07-08 08:15:00+00:00,-0.22616710762141112,long,2026-07-08,QQQ
2026-07-09 12:15:00+00:00,-0.12796439251685499,short,2026-07-09,QQQ
2026-07-09 13:00:00+00:00,-0.337776789313482,short,2026-07-09,QQQ
2026-07-09 13:30:00+00:00,-0.07617728531854606,short,2026-07-09,QQQ
2026-07-09 15:00:00+00:00,-0.29923528759836504,short,2026-07-09,QQQ
2026-07-14 12:30:00+00:00,0.30642947269172716,short,2026-07-14,QQQ
2026-07-14 14:45:00+00:00,-0.14162339285217485,short,2026-07-14,QQQ
2026-07-15 14:15:00+00:00,-0.8970917537100664,long,2026-07-15,QQQ
2026-07-16 08:00:00+00:00,0.18785134509973211,long,2026-07-16,QQQ
2026-07-16 12:00:00+00:00,0.24042179261862806,long,2026-07-16,QQQ
2026-07-16 13:30:00+00:00,0.2918905199035482,long,2026-07-16,QQQ
2026-07-17 13:30:00+00:00,1.3470900239773265,long,2026-07-17,QQQ
2026-07-20 11:30:00+00:00,-0.278298404043853,short,2026-07-20,QQQ
2026-07-20 13:30:00+00:00,0.5380607159039319,short,2026-07-20,QQQ
2026-07-21 08:15:00+00:00,-0.05666444730914044,short,2026-07-21,QQQ
2026-07-21 15:00:00+00:00,-0.08601483403367638,short,2026-07-21,QQQ
2026-07-23 11:30:00+00:00,-0.15709124144923647,long,2026-07-23,QQQ
2026-07-23 12:00:00+00:00,-0.6756949801434264,long,2026-07-23,QQQ
2026-07-23 13:45:00+00:00,-0.35675753434510904,long,2026-07-23,QQQ
2026-07-23 14:30:00+00:00,0.206114242061739,long,2026-07-23,QQQ
2026-07-24 13:45:00+00:00,0.8594444201663443,long,2026-07-24,QQQ
2026-07-24 14:30:00+00:00,0.7205787968959765,long,2026-07-24,QQQ
2026-07-27 08:15:00+00:00,-0.08338604865145705,short,2026-07-27,QQQ
2026-07-27 13:30:00+00:00,-1.473723908849589,long,2026-07-27,QQQ
2026-07-28 13:30:00+00:00,1.0184207787573785,long,2026-07-28,QQQ
2026-07-29 14:00:00+00:00,-0.7667293177004098,long,2026-07-29,QQQ
2026-07-30 11:15:00+00:00,-0.5414491201451765,short,2026-07-30,QQQ
2026-07-30 13:30:00+00:00,-0.42161747796090054,short,2026-07-30,QQQ
2026-07-31 13:45:00+00:00,-0.2936900261704012,long,2026-07-31,QQQ
2026-07-31 15:15:00+00:00,1.07619772753893,long,2026-07-31,QQQ
2026-08-03 08:15:00+00:00,0.07239032865209438,long,2026-08-03,QQQ
2026-08-03 11:45:00+00:00,0.7545636590533089,long,2026-08-03,QQQ
2026-08-03 13:15:00+00:00,1.1129490974519873,long,2026-08-03,QQQ
2026-08-03 14:45:00+00:00,-0.08017294449453871,short,2026-08-03,QQQ
2026-08-04 11:00:00+00:00,-0.30562001245117987,short,2026-08-04,QQQ
2026-08-05 13:30:00+00:00,0.7591773976551974,short,2026-08-05,QQQ
2026-08-06 11:00:00+00:00,-0.2520478890989275,long,2026-08-06,QQQ
2026-08-06 12:00:00+00:00,0.682244823625,long,2026-08-06,QQQ
2026-08-06 12:45:00+00:00,0.8702964052974549,long,2026-08-06,QQQ
2026-08-06 14:00:00+00:00,0.4327317758699878,short,2026-08-06,QQQ
2026-03-05 15:15:00+00:00,-2.643672313510037,long,2026-03-05,SNDK
2026-03-06 08:45:00+00:00,2.0801139027312177,short,2026-03-06,SNDK
2026-03-06 13:45:00+00:00,1.9419060052219494,long,2026-03-06,SNDK
2026-03-09 14:15:00+00:00,-2.50594080794988,short,2026-03-09,SNDK
2026-03-09 15:00:00+00:00,-0.8490481723120835,short,2026-03-09,SNDK
2026-03-09 15:45:00+00:00,1.3315696649029873,short,2026-03-09,SNDK
2026-03-10 14:00:00+00:00,-1.830386378519977,short,2026-03-10,SNDK
2026-03-11 09:45:00+00:00,1.5635488465757463,long,2026-03-11,SNDK
2026-03-11 15:00:00+00:00,0.46589173860202004,short,2026-03-11,SNDK
2026-03-12 13:45:00+00:00,-0.019038251019320995,long,2026-03-12,SNDK
2026-03-12 14:15:00+00:00,-1.9143895119254517,long,2026-03-12,SNDK
2026-03-16 13:30:00+00:00,-0.890748936049901,short,2026-03-16,SNDK
2026-03-18 13:30:00+00:00,3.8678732274571415,long,2026-03-18,SNDK
2026-03-19 09:30:00+00:00,-0.6925637553599762,long,2026-03-19,SNDK
2026-03-19 11:30:00+00:00,1.961508415595481,long,2026-03-19,SNDK
2026-03-19 14:00:00+00:00,2.3402926362512844,short,2026-03-19,SNDK
2026-03-20 10:00:00+00:00,1.4590347923681302,long,2026-03-20,SNDK
2026-03-20 13:45:00+00:00,-2.0152005217692226,long,2026-03-20,SNDK
2026-03-23 11:00:00+00:00,1.4148128052089093,short,2026-03-23,SNDK
2026-03-25 10:30:00+00:00,-1.3843377841934346,long,2026-03-25,SNDK
2026-03-25 12:00:00+00:00,-2.9100030448462433,long,2026-03-25,SNDK
2026-03-26 08:00:00+00:00,0.6793080608142432,long,2026-03-26,SNDK
2026-03-26 09:00:00+00:00,0.5106813685647138,long,2026-03-26,SNDK
2026-03-26 13:45:00+00:00,-0.2309541888129485,long,2026-03-26,SNDK
2026-03-30 08:30:00+00:00,1.4668407976046405,short,2026-03-30,SNDK
2026-03-30 12:00:00+00:00,3.410112093837203,short,2026-03-30,SNDK
2026-03-30 13:30:00+00:00,-2.6443019240256604,long,2026-03-30,SNDK
2026-03-31 10:30:00+00:00,2.7724699221514326,long,2026-03-31,SNDK
2026-03-31 13:15:00+00:00,-2.0538219682883163,short,2026-03-31,SNDK
2026-03-31 13:45:00+00:00,2.341754420658848,short,2026-03-31,SNDK
2026-04-01 14:00:00+00:00,-1.0080441344251456,short,2026-04-01,SNDK
2026-04-02 13:15:00+00:00,7.499146942953749,long,2026-04-02,SNDK
2026-04-02 13:45:00+00:00,-0.9436304941643714,short,2026-04-02,SNDK
2026-04-02 14:30:00+00:00,1.2106813105518421,short,2026-04-02,SNDK
2026-04-03 09:15:00+00:00,0.42280849092120043,long,2026-04-03,SNDK
2026-04-06 09:15:00+00:00,1.609570418705819,short,2026-04-06,SNDK
2026-04-07 12:00:00+00:00,-0.07801639762831103,long,2026-04-07,SNDK
2026-04-08 13:30:00+00:00,1.1077657939199792,short,2026-04-08,SNDK
2026-04-09 09:45:00+00:00,-1.4624274513796998,short,2026-04-09,SNDK
2026-04-09 11:30:00+00:00,-2.428035043804755,short,2026-04-09,SNDK
2026-04-09 14:45:00+00:00,-0.7091856426090226,short,2026-04-09,SNDK
2026-04-09 15:45:00+00:00,-0.6682451353917651,short,2026-04-09,SNDK
2026-04-10 11:15:00+00:00,0.1996759544510618,short,2026-04-10,SNDK
2026-04-13 13:30:00+00:00,-2.7257471994194704,short,2026-04-13,SNDK
2026-04-14 10:30:00+00:00,0.09309157107542099,long,2026-04-14,SNDK
2026-04-14 12:15:00+00:00,-4.677175466578287,long,2026-04-14,SNDK
2026-04-14 13:30:00+00:00,0.9297442391575039,long,2026-04-14,SNDK
2026-04-15 13:30:00+00:00,-2.149828541281995,long,2026-04-15,SNDK
2026-04-15 14:45:00+00:00,-1.6750381449843532,long,2026-04-15,SNDK
2026-04-16 10:30:00+00:00,0.4011454805791015,long,2026-04-16,SNDK
2026-04-17 13:00:00+00:00,3.77068431728409,short,2026-04-17,SNDK
2026-04-20 11:00:00+00:00,-1.0604651162790857,short,2026-04-20,SNDK
2026-04-20 13:15:00+00:00,1.5361345619549271,short,2026-04-20,SNDK
2026-04-21 13:45:00+00:00,-0.5498334168064001,long,2026-04-21,SNDK
2026-04-22 09:00:00+00:00,-0.08047677048894641,short,2026-04-22,SNDK
2026-04-22 11:00:00+00:00,-0.09453849998912744,short,2026-04-22,SNDK
2026-04-22 13:15:00+00:00,-1.159705904646402,short,2026-04-22,SNDK
2026-04-22 13:45:00+00:00,4.160123852703745,long,2026-04-22,SNDK
2026-04-22 15:15:00+00:00,-3.9979876260409775,short,2026-04-22,SNDK
2026-04-23 13:15:00+00:00,2.3510409188801207,long,2026-04-23,SNDK
2026-04-23 14:00:00+00:00,2.309829985523937,long,2026-04-23,SNDK
2026-04-23 15:00:00+00:00,1.9343511607133768,short,2026-04-23,SNDK
2026-04-24 13:30:00+00:00,-1.834559808711056,short,2026-04-24,SNDK
2026-04-27 13:30:00+00:00,-3.1548198636806246,short,2026-04-27,SNDK
2026-04-27 14:45:00+00:00,-1.3392043437802537,short,2026-04-27,SNDK
2026-04-28 08:15:00+00:00,-0.781042654028441,long,2026-04-28,SNDK
2026-04-28 09:00:00+00:00,-0.6801168088728993,long,2026-04-28,SNDK
2026-04-28 11:15:00+00:00,-0.26917639768392343,long,2026-04-28,SNDK
2026-04-28 13:00:00+00:00,-3.4192841419303566,long,2026-04-28,SNDK
2026-04-28 14:00:00+00:00,-2.599129712022674,long,2026-04-28,SNDK
2026-04-29 08:45:00+00:00,-0.6639616377720481,short,2026-04-29,SNDK
2026-04-29 10:00:00+00:00,-0.6014796965304159,short,2026-04-29,SNDK
2026-04-29 11:00:00+00:00,1.267561197409206,short,2026-04-29,SNDK
2026-04-29 13:30:00+00:00,0.16576002344450558,short,2026-04-29,SNDK
2026-04-29 14:15:00+00:00,0.6801030738082026,short,2026-04-29,SNDK
2026-05-01 13:30:00+00:00,1.4359252235166542,short,2026-05-01,SNDK
2026-05-04 13:45:00+00:00,0.8645990322836639,short,2026-05-04,SNDK
2026-05-05 08:15:00+00:00,-0.6641366223909095,short,2026-05-05,SNDK
2026-05-05 11:00:00+00:00,-0.07009891736116103,short,2026-05-05,SNDK
2026-05-05 12:15:00+00:00,-7.398790134946465,short,2026-05-05,SNDK
2026-05-05 13:15:00+00:00,-6.283898961723233,short,2026-05-05,SNDK
2026-05-06 13:30:00+00:00,-0.8098591549295819,long,2026-05-06,SNDK
2026-05-07 15:45:00+00:00,-0.9267563527653233,long,2026-05-07,SNDK
2026-05-08 09:00:00+00:00,0.6336489439184301,short,2026-05-08,SNDK
2026-05-08 11:15:00+00:00,-1.6892383864860694,short,2026-05-08,SNDK
2026-05-11 14:15:00+00:00,3.5165270172197616,long,2026-05-11,SNDK
2026-05-12 13:45:00+00:00,-4.040473097696051,long,2026-05-12,SNDK
2026-05-12 14:15:00+00:00,-2.180598266703948,long,2026-05-12,SNDK
2026-05-12 15:45:00+00:00,0.5628384155029975,long,2026-05-12,SNDK
2026-05-13 13:30:00+00:00,-0.8075648812810643,long,2026-05-13,SNDK
2026-05-14 08:30:00+00:00,0.4061564771269621,long,2026-05-14,SNDK
2026-05-18 12:45:00+00:00,8.254585881045017,short,2026-05-18,SNDK
2026-05-18 13:30:00+00:00,-3.6301469518405294,long,2026-05-18,SNDK
2026-05-20 12:45:00+00:00,2.042386514653427,short,2026-05-20,SNDK
2026-05-20 14:00:00+00:00,1.1290439313888623,long,2026-05-20,SNDK
2026-05-21 13:15:00+00:00,6.943035222496019,long,2026-05-21,SNDK
2026-05-21 13:45:00+00:00,-0.6599986391780721,short,2026-05-21,SNDK
2026-05-21 14:30:00+00:00,-1.209074853960046,short,2026-05-21,SNDK
2026-05-22 08:45:00+00:00,-0.19163417696423934,long,2026-05-22,SNDK
2026-05-26 13:30:00+00:00,-0.5571736102317315,short,2026-05-26,SNDK
2026-05-27 11:00:00+00:00,0.8149860114341378,short,2026-05-27,SNDK
2026-05-27 12:00:00+00:00,5.001805706031071,short,2026-05-27,SNDK
2026-05-27 14:15:00+00:00,2.2954221242381,long,2026-05-27,SNDK
2026-05-28 12:45:00+00:00,-5.406088164708844,short,2026-05-28,SNDK
2026-05-28 14:00:00+00:00,-2.1894711305191716,short,2026-05-28,SNDK
2026-05-29 08:00:00+00:00,-0.3108188882247509,short,2026-05-29,SNDK
2026-05-29 13:45:00+00:00,1.8109125117591662,short,2026-05-29,SNDK
2026-06-01 09:15:00+00:00,0.47860520768047143,short,2026-06-01,SNDK
2026-06-01 13:45:00+00:00,2.9982984216393893,long,2026-06-01,SNDK
2026-06-03 08:45:00+00:00,0.1947865940991167,short,2026-06-03,SNDK
2026-06-03 14:15:00+00:00,-1.255088195386711,short,2026-06-03,SNDK
2026-06-04 09:00:00+00:00,0.28993911278631934,long,2026-06-04,SNDK
2026-06-04 10:00:00+00:00,0.12124011315743921,long,2026-06-04,SNDK
2026-06-05 13:15:00+00:00,-2.1572472811552834,long,2026-06-05,SNDK
2026-06-05 14:15:00+00:00,-1.948998178506367,long,2026-06-05,SNDK
2026-06-08 14:45:00+00:00,1.9612518628912112,short,2026-06-08,SNDK
2026-06-09 13:30:00+00:00,3.519633132702782,short,2026-06-09,SNDK
2026-06-09 15:00:00+00:00,6.704454368487345,short,2026-06-09,SNDK
2026-06-09 15:45:00+00:00,-0.06100909035445801,long,2026-06-09,SNDK
2026-06-10 13:30:00+00:00,-0.3061040753856492,short,2026-06-10,SNDK
2026-06-11 08:00:00+00:00,-0.011479079377840762,short,2026-06-11,SNDK
2026-06-12 13:45:00+00:00,0.5449730060099855,short,2026-06-12,SNDK
2026-06-15 11:00:00+00:00,0.375403915605399,short,2026-06-15,SNDK
2026-06-15 13:30:00+00:00,2.693077035663771,long,2026-06-15,SNDK
2026-06-16 08:15:00+00:00,-0.7149198635577836,short,2026-06-16,SNDK
2026-06-16 08:45:00+00:00,-0.22350530825108184,short,2026-06-16,SNDK
2026-06-16 10:15:00+00:00,1.0531687853762794,short,2026-06-16,SNDK
2026-06-16 11:00:00+00:00,1.8288458874059166,short,2026-06-16,SNDK
2026-06-16 14:15:00+00:00,-0.6470304200869137,long,2026-06-16,SNDK
2026-06-16 15:30:00+00:00,0.9684628755897595,long,2026-06-16,SNDK
2026-06-17 08:00:00+00:00,1.0613253245495113,short,2026-06-17,SNDK
2026-06-17 13:45:00+00:00,1.0854128626496262,long,2026-06-17,SNDK
2026-06-18 09:00:00+00:00,0.02451990035112761,short,2026-06-18,SNDK
2026-06-18 12:30:00+00:00,-5.180330748698325,short,2026-06-18,SNDK
2026-06-22 10:00:00+00:00,0.20221646833333828,short,2026-06-22,SNDK
2026-06-22 12:15:00+00:00,-1.572455463195932,short,2026-06-22,SNDK
2026-06-22 12:45:00+00:00,-2.103630948720414,short,2026-06-22,SNDK
2026-06-22 14:00:00+00:00,-0.8732009536903451,short,2026-06-22,SNDK
2026-06-23 13:15:00+00:00,-1.031240220355567,long,2026-06-23,SNDK
2026-06-23 14:30:00+00:00,0.19729693188248465,long,2026-06-23,SNDK
2026-06-24 13:30:00+00:00,-1.0084819341481421,long,2026-06-24,SNDK
2026-06-25 09:15:00+00:00,-1.7448456094099507,short,2026-06-25,SNDK
2026-06-25 13:45:00+00:00,5.391316732736717,long,2026-06-25,SNDK
2026-06-26 13:00:00+00:00,-0.9886914970696936,long,2026-06-26,SNDK
2026-06-26 15:00:00+00:00,0.8007966282247203,long,2026-06-26,SNDK
2026-06-29 13:30:00+00:00,-1.0127690478677565,long,2026-06-29,SNDK
2026-06-30 13:30:00+00:00,-2.4261929523756054,short,2026-06-30,SNDK
2026-06-30 15:00:00+00:00,-0.38029047816403594,short,2026-06-30,SNDK
2026-07-01 08:00:00+00:00,-0.5757171233410685,long,2026-07-01,SNDK
2026-07-01 09:00:00+00:00,1.2323570843269183,long,2026-07-01,SNDK
2026-07-01 09:30:00+00:00,1.116935353972326,long,2026-07-01,SNDK
2026-07-01 10:00:00+00:00,0.4424778761061843,long,2026-07-01,SNDK
2026-07-01 12:30:00+00:00,-4.752024598935467,long,2026-07-01,SNDK
2026-07-01 14:15:00+00:00,-1.6683850857211358,long,2026-07-01,SNDK
2026-07-02 08:00:00+00:00,0.8875876892309176,long,2026-07-02,SNDK
2026-07-02 12:00:00+00:00,3.459119496855334,short,2026-07-02,SNDK
2026-07-02 15:00:00+00:00,-1.558964322845735,long,2026-07-02,SNDK
2026-07-03 08:00:00+00:00,-0.179129257050481,short,2026-07-03,SNDK
2026-07-03 11:15:00+00:00,1.1223253936213151,short,2026-07-03,SNDK
2026-07-06 10:30:00+00:00,1.4081708131620685,long,2026-07-06,SNDK
2026-07-06 11:00:00+00:00,1.6420771859631644,long,2026-07-06,SNDK
2026-07-06 13:30:00+00:00,1.0708264010629964,long,2026-07-06,SNDK
2026-07-07 13:15:00+00:00,-3.905528108714129,long,2026-07-07,SNDK
2026-07-08 13:30:00+00:00,3.262318901239525,short,2026-07-08,SNDK
2026-07-09 13:00:00+00:00,-2.555940048130978,short,2026-07-09,SNDK
2026-07-09 13:45:00+00:00,-1.409940077546712,short,2026-07-09,SNDK
2026-07-10 08:00:00+00:00,1.2940085783218702,long,2026-07-10,SNDK
2026-07-13 13:30:00+00:00,0.842616311978106,long,2026-07-13,SNDK
2026-07-13 15:45:00+00:00,-2.1305757745427423,long,2026-07-13,SNDK
2026-07-14 08:30:00+00:00,0.9221357563762411,short,2026-07-14,SNDK
2026-07-14 12:30:00+00:00,2.964629365645044,short,2026-07-14,SNDK
2026-07-14 13:15:00+00:00,2.1920771752447665,short,2026-07-14,SNDK
2026-07-15 08:00:00+00:00,-0.3052774331303909,long,2026-07-15,SNDK
2026-07-15 13:30:00+00:00,-7.5858699020332265,long,2026-07-15,SNDK
2026-07-16 08:00:00+00:00,0.6585130180412735,long,2026-07-16,SNDK
2026-07-16 08:30:00+00:00,-0.3928470203608203,long,2026-07-16,SNDK
2026-07-16 15:00:00+00:00,-1.8147731533558198,long,2026-07-16,SNDK
2026-07-17 08:30:00+00:00,7.6806716333245095,long,2026-07-17,SNDK
2026-07-17 10:00:00+00:00,2.9341228927694862,short,2026-07-17,SNDK
2026-07-17 15:45:00+00:00,2.673403580728295,short,2026-07-17,SNDK
2026-07-20 10:15:00+00:00,-0.20067079353598416,short,2026-07-20,SNDK
2026-07-20 11:00:00+00:00,1.4433279460333015,short,2026-07-20,SNDK
2026-07-20 13:30:00+00:00,0.628448804414472,short,2026-07-20,SNDK
2026-07-21 08:00:00+00:00,0.23437760095881277,short,2026-07-21,SNDK
2026-07-21 13:30:00+00:00,-0.15982847675664047,short,2026-07-21,SNDK
2026-07-21 14:45:00+00:00,-2.21981134526934,short,2026-07-21,SNDK
2026-07-22 11:30:00+00:00,1.8098866284397497,long,2026-07-22,SNDK
2026-07-22 12:00:00+00:00,3.137041955891684,long,2026-07-22,SNDK
2026-07-24 13:30:00+00:00,-2.2905618983948495,long,2026-07-24,SNDK
2026-07-27 13:30:00+00:00,-8.153594653569451,long,2026-07-27,SNDK
2026-07-28 11:00:00+00:00,1.481563334070013,long,2026-07-28,SNDK
2026-07-28 13:15:00+00:00,-6.601412886203095,long,2026-07-28,SNDK
2026-07-28 14:45:00+00:00,0.7064557643687186,long,2026-07-28,SNDK
2026-07-30 11:00:00+00:00,-3.992191867792405,short,2026-07-30,SNDK
2026-07-30 13:15:00+00:00,-8.650921689455448,short,2026-07-30,SNDK
2026-07-31 13:45:00+00:00,-1.9510786287896376,long,2026-07-31,SNDK
2026-07-31 15:15:00+00:00,3.6452185397663817,long,2026-07-31,SNDK
2026-08-03 08:15:00+00:00,-2.311628290831058,long,2026-08-03,SNDK
2026-08-03 10:00:00+00:00,-1.5148198046480266,long,2026-08-03,SNDK
2026-08-03 11:00:00+00:00,-1.0901095183728837,long,2026-08-03,SNDK
2026-08-04 11:00:00+00:00,-1.1727739422906724,short,2026-08-04,SNDK
2026-08-04 13:00:00+00:00,-2.294300336818167,short,2026-08-04,SNDK
2026-08-04 13:30:00+00:00,-2.794192800742823,short,2026-08-04,SNDK
2026-08-06 10:45:00+00:00,-0.1643506915055326,long,2026-08-06,SNDK
2026-08-06 12:00:00+00:00,6.62191356747317,long,2026-08-06,SNDK
2026-08-06 13:00:00+00:00,9.679463660318198,long,2026-08-06,SNDK
2026-08-06 13:45:00+00:00,-0.5337757985113711,short,2026-08-06,SNDK
2026-08-06 15:00:00+00:00,2.1652525621141616,short,2026-08-06,SNDK
2026-03-04 15:45:00+00:00,1.4358561460010688,short,2026-03-04,MSTR
2026-03-05 08:00:00+00:00,1.25311548047633,long,2026-03-05,MSTR
2026-03-05 10:15:00+00:00,0.6678809957498366,short,2026-03-05,MSTR
2026-03-05 15:15:00+00:00,-0.7695022943875807,long,2026-03-05,MSTR
2026-03-06 12:00:00+00:00,-2.139737991266377,long,2026-03-06,MSTR
2026-03-06 13:30:00+00:00,-1.5095998827495238,long,2026-03-06,MSTR
2026-03-06 14:45:00+00:00,1.0239162929745804,long,2026-03-06,MSTR
2026-03-09 09:15:00+00:00,1.2490650710545892,short,2026-03-09,MSTR
2026-03-09 12:15:00+00:00,-2.133036046079506,short,2026-03-09,MSTR
2026-03-09 13:00:00+00:00,-2.7548823048934468,short,2026-03-09,MSTR
2026-03-09 14:15:00+00:00,-0.6622034638335217,short,2026-03-09,MSTR
2026-03-10 08:00:00+00:00,0.10496850944716751,short,2026-03-10,MSTR
2026-03-10 09:00:00+00:00,0.33580523296486975,short,2026-03-10,MSTR
2026-03-10 10:45:00+00:00,0.7273744579661456,short,2026-03-10,MSTR
2026-03-10 13:30:00+00:00,2.125498730504183,long,2026-03-10,MSTR
2026-03-10 14:00:00+00:00,2.945054945054948,long,2026-03-10,MSTR
2026-03-11 13:15:00+00:00,1.7985096016050361,short,2026-03-11,MSTR
2026-03-12 13:45:00+00:00,0.8417011222681792,long,2026-03-12,MSTR
2026-03-12 14:15:00+00:00,0.5127824019024896,long,2026-03-12,MSTR
2026-03-13 10:00:00+00:00,-0.32467532467530535,short,2026-03-13,MSTR
2026-03-13 11:15:00+00:00,-0.9551903357213121,short,2026-03-13,MSTR
2026-03-13 13:15:00+00:00,0.45916237651314473,short,2026-03-13,MSTR
2026-03-16 13:45:00+00:00,1.8842162752594205,short,2026-03-16,MSTR
2026-03-17 10:00:00+00:00,0.8598921722514197,long,2026-03-17,MSTR
2026-03-17 13:15:00+00:00,1.9333607568901678,long,2026-03-17,MSTR
2026-03-17 14:30:00+00:00,-0.21384656508955935,short,2026-03-17,MSTR
2026-03-18 11:30:00+00:00,-1.486285637076079,long,2026-03-18,MSTR
2026-03-18 14:00:00+00:00,-1.4202172096908883,long,2026-03-18,MSTR
2026-03-19 12:15:00+00:00,-1.105741066197996,long,2026-03-19,MSTR
2026-03-19 14:15:00+00:00,0.7182524990744232,long,2026-03-19,MSTR
2026-03-20 08:00:00+00:00,2.2804532577903713,short,2026-03-20,MSTR
2026-03-20 13:45:00+00:00,1.5346023314150914,long,2026-03-20,MSTR
2026-03-23 11:00:00+00:00,0.8234872896527023,short,2026-03-23,MSTR
2026-03-23 12:30:00+00:00,0.4593741027849485,short,2026-03-23,MSTR
2026-03-25 08:30:00+00:00,0.30554963405100555,short,2026-03-25,MSTR
2026-03-25 10:00:00+00:00,-0.6053268765133346,short,2026-03-25,MSTR
2026-03-25 10:45:00+00:00,-0.1994017946161497,short,2026-03-25,MSTR
2026-03-25 13:30:00+00:00,2.076318742985417,short,2026-03-25,MSTR
2026-03-26 11:45:00+00:00,2.2145379635079676,long,2026-03-26,MSTR
2026-03-27 08:15:00+00:00,-0.8869512928442402,long,2026-03-27,MSTR
2026-03-27 09:00:00+00:00,-1.4638956310679685,long,2026-03-27,MSTR
2026-03-27 10:30:00+00:00,-0.8278399509428325,long,2026-03-27,MSTR
2026-03-27 13:30:00+00:00,-0.5783961231827339,long,2026-03-27,MSTR
2026-03-30 14:15:00+00:00,0.28481012658228,long,2026-03-30,MSTR
2026-03-31 14:30:00+00:00,1.1990407673860837,long,2026-03-31,MSTR
2026-04-01 13:30:00+00:00,-0.08877411024130755,long,2026-04-01,MSTR
2026-04-02 13:30:00+00:00,3.7195017915031547,long,2026-04-02,MSTR
2026-04-02 14:30:00+00:00,0.32970656116055874,short,2026-04-02,MSTR
2026-04-03 13:00:00+00:00,0.3669112741827796,long,2026-04-03,MSTR
2026-04-03 13:30:00+00:00,0.33355570380253496,long,2026-04-03,MSTR
2026-04-06 09:15:00+00:00,0.22367790381849773,short,2026-04-06,MSTR
2026-04-06 14:15:00+00:00,-0.5440782211007855,short,2026-04-06,MSTR
2026-04-07 14:00:00+00:00,0.7167291089754002,long,2026-04-07,MSTR
2026-04-08 10:00:00+00:00,0.563105338238612,short,2026-04-08,MSTR
2026-04-08 13:00:00+00:00,3.696498054474706,short,2026-04-08,MSTR
2026-04-08 13:30:00+00:00,-1.2534604737003963,long,2026-04-08,MSTR
2026-04-08 14:45:00+00:00,1.5777080062794324,long,2026-04-08,MSTR
2026-04-09 09:45:00+00:00,0.40360136603539987,short,2026-04-09,MSTR
2026-04-09 10:15:00+00:00,0.5048151599875594,short,2026-04-09,MSTR
2026-04-09 13:30:00+00:00,-1.2466124661246525,short,2026-04-09,MSTR
2026-04-09 14:00:00+00:00,3.799968399431175,long,2026-04-09,MSTR
2026-04-09 15:00:00+00:00,-1.2860003080240157,short,2026-04-09,MSTR
2026-04-09 15:30:00+00:00,-0.5965126950137734,short,2026-04-09,MSTR
2026-04-10 15:00:00+00:00,1.8629761995285432,short,2026-04-10,MSTR
2026-04-13 08:30:00+00:00,0.32865731462925485,long,2026-04-13,MSTR
2026-04-13 13:00:00+00:00,-2.6398988302244852,short,2026-04-13,MSTR
2026-04-13 13:45:00+00:00,-0.5262750561101814,short,2026-04-13,MSTR
2026-04-14 08:00:00+00:00,-0.3153880005867693,short,2026-04-14,MSTR
2026-04-14 13:15:00+00:00,-1.3562518131708723,short,2026-04-14,MSTR
2026-04-16 13:45:00+00:00,2.8510487024528963,long,2026-04-16,MSTR
2026-04-16 14:15:00+00:00,2.7027027027027195,long,2026-04-16,MSTR
2026-04-17 08:30:00+00:00,-0.6968641114982521,short,2026-04-17,MSTR
2026-04-17 13:00:00+00:00,-9.201141226818832,short,2026-04-17,MSTR
2026-04-20 09:30:00+00:00,-0.18461538461538307,short,2026-04-20,MSTR
2026-04-20 10:00:00+00:00,-0.07365578197888745,short,2026-04-20,MSTR
2026-04-20 13:30:00+00:00,-0.5651777575204964,short,2026-04-20,MSTR
2026-04-20 15:15:00+00:00,-0.790633110024741,short,2026-04-20,MSTR
2026-04-21 08:15:00+00:00,-0.24756750532557437,short,2026-04-21,MSTR
2026-04-21 09:45:00+00:00,0.17802791018204367,short,2026-04-21,MSTR
2026-04-21 10:30:00+00:00,2.131072410632451,short,2026-04-21,MSTR
2026-04-21 11:15:00+00:00,2.328508495909376,short,2026-04-21,MSTR
2026-04-21 12:30:00+00:00,0.8897213767267598,long,2026-04-21,MSTR
2026-04-22 13:30:00+00:00,-0.19019914969791163,short,2026-04-22,MSTR
2026-04-23 14:45:00+00:00,0.6070394297170933,short,2026-04-23,MSTR
2026-04-24 11:00:00+00:00,0.05642385600631572,short,2026-04-24,MSTR
2026-04-24 14:00:00+00:00,-1.0156703424260005,long,2026-04-24,MSTR
2026-04-27 15:45:00+00:00,0.5083944194845147,long,2026-04-27,MSTR
2026-04-28 09:30:00+00:00,-1.1869080445989666,long,2026-04-28,MSTR
2026-04-28 13:15:00+00:00,-0.4448778109574003,long,2026-04-28,MSTR
2026-04-28 14:00:00+00:00,-0.5356708059410686,long,2026-04-28,MSTR
2026-04-28 15:30:00+00:00,2.014370816188671,long,2026-04-28,MSTR
2026-04-29 13:30:00+00:00,-1.632980034508258,long,2026-04-29,MSTR
2026-04-29 14:45:00+00:00,-0.5315822388993086,long,2026-04-29,MSTR
2026-04-30 14:30:00+00:00,-0.3295093971198426,short,2026-04-30,MSTR
2026-05-01 08:15:00+00:00,0.2009218768467158,short,2026-05-01,MSTR
2026-05-01 12:15:00+00:00,-3.365101776679613,short,2026-05-01,MSTR
2026-05-05 13:00:00+00:00,2.1648190755072183,short,2026-05-05,MSTR
2026-05-06 08:45:00+00:00,-0.047943746004697196,short,2026-05-06,MSTR
2026-05-06 11:00:00+00:00,2.323873472171223,short,2026-05-06,MSTR
2026-05-07 15:15:00+00:00,-1.884170742552238,long,2026-05-07,MSTR
2026-05-08 08:15:00+00:00,-0.09971194327496047,short,2026-05-08,MSTR
2026-05-08 08:45:00+00:00,-0.3924820342730895,short,2026-05-08,MSTR
2026-05-11 08:15:00+00:00,0.7541958784788472,long,2026-05-11,MSTR
2026-05-11 13:30:00+00:00,2.200817907877739,long,2026-05-11,MSTR
2026-05-11 14:15:00+00:00,3.8414011712244234,long,2026-05-11,MSTR
2026-05-12 10:30:00+00:00,0.6979795329309813,long,2026-05-12,MSTR
2026-05-12 13:45:00+00:00,-2.9318036966220595,long,2026-05-12,MSTR
2026-05-13 12:30:00+00:00,-1.7606406318560697,long,2026-05-13,MSTR
2026-05-13 13:30:00+00:00,0.03918495297807745,long,2026-05-13,MSTR
2026-05-13 15:45:00+00:00,1.7220868974112014,long,2026-05-13,MSTR
2026-05-14 13:30:00+00:00,5.2315706035556575,long,2026-05-14,MSTR
2026-05-14 14:45:00+00:00,-4.323471829454006,short,2026-05-14,MSTR
2026-05-15 13:30:00+00:00,-0.8972911963882502,long,2026-05-15,MSTR
2026-05-18 13:30:00+00:00,-0.4926707621190962,long,2026-05-18,MSTR
2026-05-18 14:45:00+00:00,-0.060849458439815596,long,2026-05-18,MSTR
2026-05-18 15:15:00+00:00,1.7918719211822642,long,2026-05-18,MSTR
2026-05-19 11:45:00+00:00,1.3911670007897392,long,2026-05-19,MSTR
2026-05-20 10:00:00+00:00,0.5990865413132429,short,2026-05-20,MSTR
2026-05-21 14:15:00+00:00,0.935322166524033,long,2026-05-21,MSTR
2026-05-22 14:00:00+00:00,0.8703703703703658,long,2026-05-22,MSTR
2026-05-25 09:15:00+00:00,0.19933554817276322,short,2026-05-25,MSTR
2026-05-26 14:00:00+00:00,1.6695798927129246,short,2026-05-26,MSTR
2026-05-27 13:00:00+00:00,-0.9384908053265639,long,2026-05-27,MSTR
2026-05-27 14:15:00+00:00,0.18655516243166748,long,2026-05-27,MSTR
2026-05-28 13:30:00+00:00,1.9244033659815196,long,2026-05-28,MSTR
2026-05-29 12:30:00+00:00,0.5385280234027068,long,2026-05-29,MSTR
2026-05-29 13:00:00+00:00,5.192987134191074,long,2026-05-29,MSTR
2026-05-29 14:45:00+00:00,-3.558028205459962,short,2026-05-29,MSTR
2026-06-01 08:00:00+00:00,0.08333333333332416,long,2026-06-01,MSTR
2026-06-01 11:30:00+00:00,-4.378193106124284,long,2026-06-01,MSTR
2026-06-02 09:00:00+00:00,-0.6391313311799762,long,2026-06-02,MSTR
2026-06-02 09:45:00+00:00,-0.41308089500859957,long,2026-06-02,MSTR
2026-06-02 11:00:00+00:00,-0.7884908009406666,long,2026-06-02,MSTR
2026-06-03 15:15:00+00:00,-1.6584121266696505,long,2026-06-03,MSTR
2026-06-05 13:30:00+00:00,-4.7032111579630165,long,2026-06-05,MSTR
2026-06-08 12:30:00+00:00,1.3672943198687393,short,2026-06-08,MSTR
2026-06-08 15:00:00+00:00,2.042559801180488,short,2026-06-08,MSTR
2026-06-09 13:15:00+00:00,-4.029960107465602,long,2026-06-09,MSTR
2026-06-09 14:15:00+00:00,-4.988940771688366,long,2026-06-09,MSTR
2026-06-10 13:30:00+00:00,1.618391567764954,short,2026-06-10,MSTR
2026-06-11 08:45:00+00:00,0.08368901163277043,short,2026-06-11,MSTR
2026-06-11 13:15:00+00:00,-0.6710254645560965,long,2026-06-11,MSTR
2026-06-12 14:15:00+00:00,-0.7704160246533087,short,2026-06-12,MSTR
2026-06-15 13:15:00+00:00,-0.10484535310415488,short,2026-06-15,MSTR
2026-06-15 15:15:00+00:00,0.07481110196753127,short,2026-06-15,MSTR
2026-06-16 14:15:00+00:00,-0.5057689268215593,long,2026-06-16,MSTR
2026-06-16 14:45:00+00:00,-0.54848966613672,long,2026-06-16,MSTR
2026-06-17 08:30:00+00:00,-0.29358995269939125,long,2026-06-17,MSTR
2026-06-18 13:30:00+00:00,-3.149675381645911,long,2026-06-18,MSTR
2026-06-18 15:30:00+00:00,-1.0961137784219477,long,2026-06-18,MSTR
2026-06-22 12:00:00+00:00,-0.35211267605632646,short,2026-06-22,MSTR
2026-06-22 13:30:00+00:00,4.5177148669265925,short,2026-06-22,MSTR
2026-06-23 08:15:00+00:00,1.3503233168505213,long,2026-06-23,MSTR
2026-06-24 13:00:00+00:00,-4.706110196572089,long,2026-06-24,MSTR
2026-06-24 15:30:00+00:00,-4.5136026380873995,long,2026-06-24,MSTR
2026-06-25 13:30:00+00:00,-2.258566978193144,long,2026-06-25,MSTR
2026-06-25 15:00:00+00:00,-1.0118431643095227,long,2026-06-25,MSTR
2026-06-29 10:15:00+00:00,-4.718435091879081,short,2026-06-29,MSTR
2026-06-29 10:45:00+00:00,-3.0231179608773084,short,2026-06-29,MSTR
2026-06-29 12:00:00+00:00,6.127726557229596,short,2026-06-29,MSTR
2026-06-29 12:45:00+00:00,0.33371691599540787,short,2026-06-29,MSTR
2026-06-29 15:30:00+00:00,-5.281453240636913,short,2026-06-29,MSTR
2026-06-30 08:00:00+00:00,-0.2217786648924358,long,2026-06-30,MSTR
2026-06-30 11:30:00+00:00,-4.10652344187088,long,2026-06-30,MSTR
2026-06-30 14:45:00+00:00,2.6615969581749166,long,2026-06-30,MSTR
2026-07-01 13:30:00+00:00,-5.751007515521178,short,2026-07-01,MSTR
2026-07-01 15:00:00+00:00,-0.851771060558848,short,2026-07-01,MSTR
2026-07-02 09:30:00+00:00,-0.669506999391345,short,2026-07-02,MSTR
2026-07-02 13:30:00+00:00,3.453931500241203,short,2026-07-02,MSTR
2026-07-03 09:00:00+00:00,-1.0798303123794817,short,2026-07-03,MSTR
2026-07-03 09:45:00+00:00,-0.509909563209554,short,2026-07-03,MSTR
2026-07-03 14:45:00+00:00,0.5967604433077534,short,2026-07-03,MSTR
2026-07-06 11:45:00+00:00,-3.1814189518883595,long,2026-07-06,MSTR
2026-07-07 14:00:00+00:00,2.050601917975925,long,2026-07-07,MSTR
2026-07-07 14:30:00+00:00,4.441936807550273,long,2026-07-07,MSTR
2026-07-08 08:15:00+00:00,-0.392697940989184,long,2026-07-08,MSTR
2026-07-10 09:00:00+00:00,-1.6603464179563376,short,2026-07-10,MSTR
2026-07-10 12:00:00+00:00,2.0554156171284643,short,2026-07-10,MSTR
2026-07-13 12:15:00+00:00,-0.294213795357956,long,2026-07-13,MSTR
2026-07-14 12:30:00+00:00,-2.528297894848186,short,2026-07-14,MSTR
2026-07-15 12:45:00+00:00,0.5227181342983611,short,2026-07-15,MSTR
2026-07-16 13:30:00+00:00,0.415247018739362,long,2026-07-16,MSTR
2026-07-16 14:45:00+00:00,0.21159542953872457,long,2026-07-16,MSTR
2026-07-16 15:30:00+00:00,-0.42413317781784254,long,2026-07-16,MSTR
2026-07-20 11:45:00+00:00,1.5079529022929083,short,2026-07-20,MSTR
2026-07-20 15:15:00+00:00,-1.690427698574326,short,2026-07-20,MSTR
2026-07-21 13:45:00+00:00,0.803173988774919,short,2026-07-21,MSTR
2026-07-21 14:45:00+00:00,1.6089948628477235,short,2026-07-21,MSTR
2026-07-22 12:45:00+00:00,-0.8743718592964855,long,2026-07-22,MSTR
2026-07-22 14:30:00+00:00,1.5179113539769196,long,2026-07-22,MSTR
2026-07-23 12:15:00+00:00,-2.5841896428934863,long,2026-07-23,MSTR
2026-07-24 13:00:00+00:00,-0.655772952053324,long,2026-07-24,MSTR
2026-07-24 13:45:00+00:00,2.1098901098901113,long,2026-07-24,MSTR
2026-07-27 12:15:00+00:00,3.5767670296818377,long,2026-07-27,MSTR
2026-07-27 13:30:00+00:00,1.1249744323992616,short,2026-07-27,MSTR
2026-07-28 13:30:00+00:00,3.9906353091412106,long,2026-07-28,MSTR
2026-07-28 15:15:00+00:00,0.2045617265009736,short,2026-07-28,MSTR
2026-07-30 09:15:00+00:00,-0.010469011725300348,short,2026-07-30,MSTR
2026-07-30 12:00:00+00:00,0.5069839627522055,short,2026-07-30,MSTR
2026-07-30 13:45:00+00:00,0.9568885687827877,short,2026-07-30,MSTR
2026-07-31 09:15:00+00:00,1.3022474270111273,long,2026-07-31,MSTR
2026-07-31 13:30:00+00:00,-2.7529761904761973,long,2026-07-31,MSTR
2026-08-03 08:15:00+00:00,0.9372275501307703,long,2026-08-03,MSTR
2026-08-03 13:45:00+00:00,0.6500996120373359,short,2026-08-03,MSTR
2026-08-03 14:15:00+00:00,0.09437919463087807,short,2026-08-03,MSTR
2026-08-04 13:30:00+00:00,-1.254215851602014,short,2026-08-04,MSTR
2026-08-04 14:15:00+00:00,-1.2865127069492832,short,2026-08-04,MSTR
2026-08-05 12:15:00+00:00,1.4243863016466296,short,2026-08-05,MSTR
2026-08-05 14:00:00+00:00,1.7913166683534043,short,2026-08-05,MSTR
2026-08-05 15:45:00+00:00,1.6822429906542036,long,2026-08-05,MSTR
2026-08-06 12:00:00+00:00,-0.2978941961992776,long,2026-08-06,MSTR
2026-08-06 13:00:00+00:00,1.0961737331954602,long,2026-08-06,MSTR
